query,expected_document,retrieved_document_1,retrieved_document_2,retrieved_document_3,title_1,title_2,title_3,score_1,score_2,score_3,hit@1,hit@3,hit@5,reciprocal_rank
"What is the date, time, and venue for the talk titled 'Selected Readings of Five-character Poems in the Han, Wei and Jin Dynasties'?",01121b58-4b71-454c-b5b8-e7693eb0014f,01121b58-4b71-454c-b5b8-e7693eb0014f,01121b58-4b71-454c-b5b8-e7693eb0014f,54a99664-9994-454a-b750-89522cc03e42,Hong Kong Public Libraries - Literary Activities,Hong Kong Public Libraries - Literary Activities,Parent-Child Story Theatre Event,0.9999212026596069,0.9913478493690491,0.9365216493606567,True,True,True,1.0
"What is the date, time, and venue for the talk on the philosophy of Laozi and Zhuangzi organized by the Hong Kong Public Libraries?",01121b58-4b71-454c-b5b8-e7693eb0014f,01121b58-4b71-454c-b5b8-e7693eb0014f,01121b58-4b71-454c-b5b8-e7693eb0014f,e680a689-c355-47bf-ac4c-40778ae3cb7b,Hong Kong Public Libraries - Literary Activities,Hong Kong Public Libraries - Literary Activities,Hong Kong Public Libraries - Programme Calendar,0.9999395608901978,0.9999356269836426,0.9941974878311157,True,True,True,1.0
"What are the dates, times, and venue for the 2026 Writing Workshops for Novices focusing on Novels?",01121b58-4b71-454c-b5b8-e7693eb0014f,01121b58-4b71-454c-b5b8-e7693eb0014f,01121b58-4b71-454c-b5b8-e7693eb0014f,168ef7c9-d20f-41ef-a1f7-922e3693c951,Hong Kong Public Libraries - Literary Activities,Hong Kong Public Libraries - Literary Activities,Hong Kong Public Libraries - Reading Activities,0.9999634027481079,0.9999619722366333,0.9600247740745544,True,True,True,1.0
"What is the date, time, and venue for the 'Meet-the-Authors 2026: Blissful Den - What is Happiness?' event?",01121b58-4b71-454c-b5b8-e7693eb0014f,01121b58-4b71-454c-b5b8-e7693eb0014f,01121b58-4b71-454c-b5b8-e7693eb0014f,01121b58-4b71-454c-b5b8-e7693eb0014f,Hong Kong Public Libraries - Literary Activities,Hong Kong Public Libraries - Literary Activities,Hong Kong Public Libraries - Literary Activities,0.9999767541885376,0.9999501705169678,0.9999426603317261,True,True,True,1.0
"What are the dates, times, and venue for the 2026 Writing Workshops for Novices in Poetry?",01121b58-4b71-454c-b5b8-e7693eb0014f,01121b58-4b71-454c-b5b8-e7693eb0014f,01121b58-4b71-454c-b5b8-e7693eb0014f,3d1decc4-6ab4-49ce-a3d8-2e171c8acdfb,Hong Kong Public Libraries - Literary Activities,Hong Kong Public Libraries - Literary Activities,Hong Kong Public Libraries - Hok Hoi Lectures on Chinese Wisdom and Life Pursuits (May to Aug 2026),0.9999518394470215,0.9998742341995239,0.7033103108406067,True,True,True,1.0
"What is the date, time, and venue for the Meet-the-Authors event titled 'Blissful Den - Blissful Moments in Sports Fiction'?",01121b58-4b71-454c-b5b8-e7693eb0014f,01121b58-4b71-454c-b5b8-e7693eb0014f,01121b58-4b71-454c-b5b8-e7693eb0014f,01121b58-4b71-454c-b5b8-e7693eb0014f,Hong Kong Public Libraries - Literary Activities,Hong Kong Public Libraries - Literary Activities,Hong Kong Public Libraries - Literary Activities,0.9999836683273315,0.9999825954437256,0.9999203681945801,True,True,True,1.0
What are the opening hours for the Students' Study Rooms at Hong Kong Public Libraries during the examination season from March to May 2025 on weekdays?,0cf40f6a-f030-4d00-a440-f1fe325bbace,0cf40f6a-f030-4d00-a440-f1fe325bbace,325b7aa3-7d09-48e8-b393-59b6c1ba3e72,0cf40f6a-f030-4d00-a440-f1fe325bbace,Hong Kong Public Libraries - Notes on Application for Admission Card to Students’ Study Room (Applicable to the examination season from March to May in 2025),Hong Kong Public Libraries - Notes on Application for Admission Card to Students’ Study Room (Applicable to the examination season from March to May in 2026),Hong Kong Public Libraries - Notes on Application for Admission Card to Students’ Study Room (Applicable to the examination season from March to May in 2025),0.8559707658282154,0.8398399257564501,0.8339991818070172,True,True,True,1.0
What are the opening hours of the HKPL students' study rooms from 8 to 31 May 2025 on public holidays?,0cf40f6a-f030-4d00-a440-f1fe325bbace,0cf40f6a-f030-4d00-a440-f1fe325bbace,325b7aa3-7d09-48e8-b393-59b6c1ba3e72,0cf40f6a-f030-4d00-a440-f1fe325bbace,Hong Kong Public Libraries - Notes on Application for Admission Card to Students’ Study Room (Applicable to the examination season from March to May in 2025),Hong Kong Public Libraries - Notes on Application for Admission Card to Students’ Study Room (Applicable to the examination season from March to May in 2026),Hong Kong Public Libraries - Notes on Application for Admission Card to Students’ Study Room (Applicable to the examination season from March to May in 2025),0.8403927588696947,0.8236431023755467,0.7374012909770794,True,True,True,1.0
When and where can I participate in the Tang-style Photo Taking and Bookmark Making activity as part of the Chinese Culture Festival 2026?,168ef7c9-d20f-41ef-a1f7-922e3693c951,168ef7c9-d20f-41ef-a1f7-922e3693c951,afd45438-71b1-4fd1-9007-13ab2723360d,afd45438-71b1-4fd1-9007-13ab2723360d,Hong Kong Public Libraries - Reading Activities,Hong Kong Public Libraries - Reading Activities,Hong Kong Public Libraries - Reading Activities,0.9999061822891235,0.9999046325683594,0.9999016523361206,True,True,True,1.0
When and where can I participate in the Tang-style Photo Taking and Bookmark Making activity as part of the Chinese Culture Festival 2026?,168ef7c9-d20f-41ef-a1f7-922e3693c951,afd45438-71b1-4fd1-9007-13ab2723360d,168ef7c9-d20f-41ef-a1f7-922e3693c951,168ef7c9-d20f-41ef-a1f7-922e3693c951,Hong Kong Public Libraries - Reading Activities,Hong Kong Public Libraries - Reading Activities,Hong Kong Public Libraries - Reading Activities,0.9999154806137085,0.9999154806137085,0.9998974800109863,False,True,True,0.5
Where and when is the Roving Exhibition on Reading Supernova of Reading Programme for Children and Youth in 2024-2025 held?,168ef7c9-d20f-41ef-a1f7-922e3693c951,afd45438-71b1-4fd1-9007-13ab2723360d,168ef7c9-d20f-41ef-a1f7-922e3693c951,168ef7c9-d20f-41ef-a1f7-922e3693c951,Hong Kong Public Libraries - Reading Activities,Hong Kong Public Libraries - Reading Activities,Hong Kong Public Libraries - Reading Activities,0.9997785091400146,0.9997555613517761,0.9997490048408508,False,True,True,0.5
When and where is the Roving Exhibition on Reading Supernova of Reading Programme for Children and Youth in 2024-2025 held?,168ef7c9-d20f-41ef-a1f7-922e3693c951,afd45438-71b1-4fd1-9007-13ab2723360d,168ef7c9-d20f-41ef-a1f7-922e3693c951,168ef7c9-d20f-41ef-a1f7-922e3693c951,Hong Kong Public Libraries - Reading Activities,Hong Kong Public Libraries - Reading Activities,Hong Kong Public Libraries - Reading Activities,0.9998183250427246,0.9997488856315613,0.9997486472129822,False,True,True,0.5
"When, where, and for how long is the Roving Exhibition on Reading Supernova of Reading Programme for Children and Youth in 2024-2025 held?",168ef7c9-d20f-41ef-a1f7-922e3693c951,168ef7c9-d20f-41ef-a1f7-922e3693c951,168ef7c9-d20f-41ef-a1f7-922e3693c951,afd45438-71b1-4fd1-9007-13ab2723360d,Hong Kong Public Libraries - Reading Activities,Hong Kong Public Libraries - Reading Activities,Hong Kong Public Libraries - Reading Activities,0.9998242855072021,0.9998224973678589,0.9998016357421875,True,True,True,1.0
Where and when is the Roving Exhibition on Reading Supernova of Reading Programme for Children and Youth in 2024-2025 held?,168ef7c9-d20f-41ef-a1f7-922e3693c951,afd45438-71b1-4fd1-9007-13ab2723360d,168ef7c9-d20f-41ef-a1f7-922e3693c951,168ef7c9-d20f-41ef-a1f7-922e3693c951,Hong Kong Public Libraries - Reading Activities,Hong Kong Public Libraries - Reading Activities,Hong Kong Public Libraries - Reading Activities,0.9997785091400146,0.9997555613517761,0.9997490048408508,False,True,True,0.5
"What is the minimum reading duration for each e-book in the Hong Kong Public Libraries' Digital Collection, and how frequently are these books replaced?",19afe8e9-570c-4e4e-b2dd-e192b485a0e5,19afe8e9-570c-4e4e-b2dd-e192b485a0e5,4ba7981b-3dbc-4ab8-b3c7-380782a67dd1,19afe8e9-570c-4e4e-b2dd-e192b485a0e5,Hong Kong Public Libraries -e-Books,Hong Kong Public Libraries - Pop-up e-Book,Hong Kong Public Libraries -e-Books,0.999976634979248,0.9999656677246094,0.9995326399803162,True,True,True,1.0
What mobile app can HKPL users use to download Chinese e-books for offline reading?,19afe8e9-570c-4e4e-b2dd-e192b485a0e5,19afe8e9-570c-4e4e-b2dd-e192b485a0e5,76a75c34-0ec9-48bb-8ab0-675b41db78b0,76a75c34-0ec9-48bb-8ab0-675b41db78b0,Hong Kong Public Libraries -e-Books,Hong Kong Public Libraries - Ask a Librarian FAQs,Hong Kong Public Libraries - Ask a Librarian FAQs,0.9996803402900696,0.9994759559631348,0.9994717836380005,True,True,True,1.0
Which contemporary prominent Chinese writers are included in the Vista E-Book collection in Traditional Chinese at Hong Kong Public Libraries?,19afe8e9-570c-4e4e-b2dd-e192b485a0e5,19afe8e9-570c-4e4e-b2dd-e192b485a0e5,5a5a6ea0-ec30-432b-a83f-a07b62105f3c,8d0221d9-ae32-417e-b0bd-0ea56e459f65,Hong Kong Public Libraries -e-Books,Hong Kong Public Libraries - Electronic Resources,Hong Kong Public Libraries - Electronic Resources,0.9998372793197632,0.9992663264274597,0.9992314577102661,True,True,True,1.0
How can library patrons access the mobile version of the Library Catalogue?,1cad770b-dfea-4de2-abc0-23e1fed42052,1cad770b-dfea-4de2-abc0-23e1fed42052,d3d0c789-aec8-45c8-b351-7bcbd9318588,76a75c34-0ec9-48bb-8ab0-675b41db78b0,Hong Kong Public Libraries - Library Catalogue,Hong Kong Public Libraries - My Library - The Official Mobile App,Hong Kong Public Libraries - Ask a Librarian FAQs,0.9991303086280823,0.990517795085907,0.6447591781616211,True,True,True,1.0
How can I find the event calendar for the Exhibition Gallery and Lecture Theatre of Hong Kong Central Library?,281175b0-6ffe-4ecd-9450-1331022ec044,281175b0-6ffe-4ecd-9450-1331022ec044,d3ce3c7b-e52d-4b32-a640-1cff7f6ae5f3,8e28f067-9f45-4a81-81e2-f3df020b95ce,Hong Kong Public Libraries - I Want To...,Hong Kong Public Libraries - Hiring Facilities at Hong Kong Central Library,Hong Kong Public Libraries,0.9997905492782593,0.9986704587936401,0.9874187111854553,True,True,True,1.0
What is the phone number for the 24-hour Telephone Renewal Service provided by the Hong Kong Public Libraries?,2ccd9b41-566a-4278-8826-e5d0b7ad2713,92f274b8-c6c6-4258-8f71-159644988e5b,5ee77841-3eef-416b-9ab6-39dff8ff2a79,2ccd9b41-566a-4278-8826-e5d0b7ad2713,Hong Kong Public Libraries - Internet Reference Enquiry Service,Hong Kong Public Libraries - Internet Reference Enquiry Service,Hong Kong Public Libraries - Contact Us,0.9988200068473816,0.9984596967697144,0.998177170753479,False,True,True,0.3333333333333333
What accessible facilities does the Hong Kong Public Libraries provide to cater to the needs of all individuals in using library facilities and services?,2f176e87-cbe0-4858-8d63-1003bddd2c9a,2f176e87-cbe0-4858-8d63-1003bddd2c9a,d85949f9-6adc-4527-b59c-e0067a469a9d,d85949f9-6adc-4527-b59c-e0067a469a9d,Hong Kong Public Libraries - Library Barrier-free Facilities,Hong Kong Public Libraries - Introduction,Hong Kong Public Libraries - Introduction,0.9998524188995361,0.9998468160629272,0.999409556388855,True,True,True,1.0
What are the opening hours for the Students' Study Rooms at Hong Kong Public Libraries during the examination season from March to May 2026 on weekdays?,325b7aa3-7d09-48e8-b393-59b6c1ba3e72,325b7aa3-7d09-48e8-b393-59b6c1ba3e72,0cf40f6a-f030-4d00-a440-f1fe325bbace,325b7aa3-7d09-48e8-b393-59b6c1ba3e72,Hong Kong Public Libraries - Notes on Application for Admission Card to Students’ Study Room (Applicable to the examination season from March to May in 2026),Hong Kong Public Libraries - Notes on Application for Admission Card to Students’ Study Room (Applicable to the examination season from March to May in 2025),Hong Kong Public Libraries - Notes on Application for Admission Card to Students’ Study Room (Applicable to the examination season from March to May in 2026),0.8632966022701118,0.8417238687441442,0.840058097835894,True,True,True,1.0
What are the opening hours of the HKPL students' study rooms from 8 to 31 May 2026 on public holidays?,325b7aa3-7d09-48e8-b393-59b6c1ba3e72,325b7aa3-7d09-48e8-b393-59b6c1ba3e72,0cf40f6a-f030-4d00-a440-f1fe325bbace,325b7aa3-7d09-48e8-b393-59b6c1ba3e72,Hong Kong Public Libraries - Notes on Application for Admission Card to Students’ Study Room (Applicable to the examination season from March to May in 2026),Hong Kong Public Libraries - Notes on Application for Admission Card to Students’ Study Room (Applicable to the examination season from March to May in 2025),Hong Kong Public Libraries - Notes on Application for Admission Card to Students’ Study Room (Applicable to the examination season from March to May in 2026),0.8491105780270557,0.8234356150963551,0.7451368126191622,True,True,True,1.0
What is the email address to submit views on library collections to the Hong Kong Public Libraries?,3c9957a2-acef-46bb-8ebf-2013ca25b02c,3c9957a2-acef-46bb-8ebf-2013ca25b02c,de0e7f69-abaa-47a4-9a6a-edf1176a11bc,8e28f067-9f45-4a81-81e2-f3df020b95ce,Hong Kong Public Libraries - Collection of Views on Library Collections,Hong Kong Public Libraries,Hong Kong Public Libraries,0.9983412027359009,0.9977869987487793,0.9977801442146301,True,True,True,1.0
What is the purpose of the Hok Hoi Lectures on Chinese Wisdom and Life Pursuits organized by HKPL and the Hok Hoi Library?,3d1decc4-6ab4-49ce-a3d8-2e171c8acdfb,3d1decc4-6ab4-49ce-a3d8-2e171c8acdfb,3d1decc4-6ab4-49ce-a3d8-2e171c8acdfb,01121b58-4b71-454c-b5b8-e7693eb0014f,Hong Kong Public Libraries - Hok Hoi Lectures on Chinese Wisdom and Life Pursuits (May to Aug 2026),Hong Kong Public Libraries - Hok Hoi Lectures on Chinese Wisdom and Life Pursuits (May to Aug 2026),Hong Kong Public Libraries - Literary Activities,0.999991774559021,0.9998630285263062,0.9994059801101685,True,True,True,1.0
"What is the date, time, and venue for the lecture titled 'The Poetic Artistry of Li Bai'?",3d1decc4-6ab4-49ce-a3d8-2e171c8acdfb,3d1decc4-6ab4-49ce-a3d8-2e171c8acdfb,01121b58-4b71-454c-b5b8-e7693eb0014f,3d1decc4-6ab4-49ce-a3d8-2e171c8acdfb,Hong Kong Public Libraries - Hok Hoi Lectures on Chinese Wisdom and Life Pursuits (May to Aug 2026),Hong Kong Public Libraries - Literary Activities,Hong Kong Public Libraries - Hok Hoi Lectures on Chinese Wisdom and Life Pursuits (May to Aug 2026),0.9999866485595703,0.9999294281005859,0.9837666749954224,True,True,True,1.0
"What is the date, time, and venue for the Hok Hoi Lecture titled 'What is ""Li"" (Ritual)?'",3d1decc4-6ab4-49ce-a3d8-2e171c8acdfb,3d1decc4-6ab4-49ce-a3d8-2e171c8acdfb,01121b58-4b71-454c-b5b8-e7693eb0014f,3d1decc4-6ab4-49ce-a3d8-2e171c8acdfb,Hong Kong Public Libraries - Hok Hoi Lectures on Chinese Wisdom and Life Pursuits (May to Aug 2026),Hong Kong Public Libraries - Literary Activities,Hong Kong Public Libraries - Hok Hoi Lectures on Chinese Wisdom and Life Pursuits (May to Aug 2026),0.9999363422393799,0.9999041557312012,0.9997743368148804,True,True,True,1.0
"What is the date, time, and venue for the lecture titled 'Empress Wu Zetian's Governance, Religious Beliefs, and Ideology of Loyal Ministers'?",3d1decc4-6ab4-49ce-a3d8-2e171c8acdfb,3d1decc4-6ab4-49ce-a3d8-2e171c8acdfb,54a99664-9994-454a-b750-89522cc03e42,3d1decc4-6ab4-49ce-a3d8-2e171c8acdfb,Hong Kong Public Libraries - Hok Hoi Lectures on Chinese Wisdom and Life Pursuits (May to Aug 2026),Parent-Child Story Theatre Event,Hong Kong Public Libraries - Hok Hoi Lectures on Chinese Wisdom and Life Pursuits (May to Aug 2026),0.9999898672103882,0.45258936285972595,0.07157941162586212,True,True,True,1.0
"What is the date, time, and venue for the Hok Hoi Lecture titled 'Truth within the Strange: Morality and Meaning in Classical Chinese Fantasy Tales'?",3d1decc4-6ab4-49ce-a3d8-2e171c8acdfb,3d1decc4-6ab4-49ce-a3d8-2e171c8acdfb,e680a689-c355-47bf-ac4c-40778ae3cb7b,01121b58-4b71-454c-b5b8-e7693eb0014f,Hong Kong Public Libraries - Hok Hoi Lectures on Chinese Wisdom and Life Pursuits (May to Aug 2026),Hong Kong Public Libraries - Programme Calendar,Hong Kong Public Libraries - Literary Activities,0.9999582767486572,0.9979571104049683,0.996377170085907,True,True,True,1.0
What is the minimum reading duration for each e-book in the Pop-up e-Book collection?,4ba7981b-3dbc-4ab8-b3c7-380782a67dd1,4ba7981b-3dbc-4ab8-b3c7-380782a67dd1,19afe8e9-570c-4e4e-b2dd-e192b485a0e5,8c198a14-3527-4860-82c0-81faa366f699,Hong Kong Public Libraries - Pop-up e-Book,Hong Kong Public Libraries -e-Books,Hong Kong Public Libraries - 2025,0.9999498128890991,0.9999487400054932,0.9981189370155334,True,True,True,1.0
Do readers need to log into their library accounts to read the Pop-up e-Books on the webpage?,4ba7981b-3dbc-4ab8-b3c7-380782a67dd1,4ba7981b-3dbc-4ab8-b3c7-380782a67dd1,19afe8e9-570c-4e4e-b2dd-e192b485a0e5,4ba7981b-3dbc-4ab8-b3c7-380782a67dd1,Hong Kong Public Libraries - Pop-up e-Book,Hong Kong Public Libraries -e-Books,Hong Kong Public Libraries - Pop-up e-Book,0.9998230934143066,0.9997875690460205,0.9996212720870972,True,True,True,1.0
How many lending books does each self-service library station provide?,541f0dc3-0208-4c7b-b452-167f12e4932c,541f0dc3-0208-4c7b-b452-167f12e4932c,de4d942e-cc1d-4865-b5a0-afb73ee7eec7,541f0dc3-0208-4c7b-b452-167f12e4932c,Hong Kong Public Libraries - Station Catalogue,Hong Kong Public Libraries - Introduction,Hong Kong Public Libraries - Station Catalogue,0.9999886751174927,0.9947028756141663,0.9571410417556763,True,True,True,1.0
Which e-database in the HKPL Kids section is available only in the Chinese version?,543a38a3-8bb4-43f5-af8a-7e8a241f3df9,76a75c34-0ec9-48bb-8ab0-675b41db78b0,de170ef9-b843-4b28-9c30-e2ea60e7e69e,de170ef9-b843-4b28-9c30-e2ea60e7e69e,Hong Kong Public Libraries - Ask a Librarian FAQs,HKPL FAQ CSV,HKPL FAQ CSV,0.9977103471755981,0.9971731901168823,0.9962085485458374,False,False,False,0.0
"What is the date, time, and venue for the Parent-Child Story Theatre event on 'Historical Figures from Sui and Tang Dynasties'?",54a99664-9994-454a-b750-89522cc03e42,91459869-e547-4628-8ee6-48303ced6b3f,54a99664-9994-454a-b750-89522cc03e42,54a99664-9994-454a-b750-89522cc03e42,Parent-Child Story Theatre Event,Parent-Child Story Theatre Event,Parent-Child Story Theatre Event,0.9999817609786987,0.9999817609786987,0.9999793767929077,False,True,True,0.5
"What is the date, time, and venue for the Parent-Child Story Theatre event on 'Historical Figures from Sui and Tang Dynasties'?",54a99664-9994-454a-b750-89522cc03e42,91459869-e547-4628-8ee6-48303ced6b3f,54a99664-9994-454a-b750-89522cc03e42,91459869-e547-4628-8ee6-48303ced6b3f,Parent-Child Story Theatre Event,Parent-Child Story Theatre Event,Parent-Child Story Theatre Event,0.9999817609786987,0.9999817609786987,0.9999781847000122,False,True,True,0.5
When did the OverDrive Chinese eBooks (Simplified Chinese) service launch?,5a5a6ea0-ec30-432b-a83f-a07b62105f3c,5a5a6ea0-ec30-432b-a83f-a07b62105f3c,8d0221d9-ae32-417e-b0bd-0ea56e459f65,19afe8e9-570c-4e4e-b2dd-e192b485a0e5,Hong Kong Public Libraries - Electronic Resources,Hong Kong Public Libraries - Electronic Resources,Hong Kong Public Libraries -e-Books,0.9994202256202698,0.9993705749511719,0.6517636179924011,True,True,True,1.0
What is the description of the 'Good Reads@e-Reading' platform provided by HKPL?,5a5a6ea0-ec30-432b-a83f-a07b62105f3c,de170ef9-b843-4b28-9c30-e2ea60e7e69e,76a75c34-0ec9-48bb-8ab0-675b41db78b0,de170ef9-b843-4b28-9c30-e2ea60e7e69e,HKPL FAQ CSV,Hong Kong Public Libraries - Ask a Librarian FAQs,HKPL FAQ CSV,0.9674682021141052,0.9470763802528381,0.9462206959724426,False,False,False,0.0
"When and where is the Roving Exhibition on Winning Entries (Guangdong) of the ""4.23 World Book Day Creative Competition"" in 2026 for the Senior Secondary Category held?",5b37a8c7-8399-49ee-8e43-b38ab8080170,5b37a8c7-8399-49ee-8e43-b38ab8080170,5b37a8c7-8399-49ee-8e43-b38ab8080170,5b37a8c7-8399-49ee-8e43-b38ab8080170,Hong Kong Public Libraries - Awards / Competitions,Hong Kong Public Libraries - Awards / Competitions,Hong Kong Public Libraries - Awards / Competitions,0.9999505281448364,0.9999454021453857,0.9998522996902466,True,True,True,1.0
"When and where is the Roving Exhibition on Winning Entries (Guangdong) of the ""4.23 World Book Day Creative Competition"" in 2026 for the Senior Secondary Category held?",5b37a8c7-8399-49ee-8e43-b38ab8080170,5b37a8c7-8399-49ee-8e43-b38ab8080170,5b37a8c7-8399-49ee-8e43-b38ab8080170,5b37a8c7-8399-49ee-8e43-b38ab8080170,Hong Kong Public Libraries - Awards / Competitions,Hong Kong Public Libraries - Awards / Competitions,Hong Kong Public Libraries - Awards / Competitions,0.999954342842102,0.9999446868896484,0.9997947216033936,True,True,True,1.0
When and where is the roving exhibition titled 'Blissful Moments Between Pages' held?,5b37a8c7-8399-49ee-8e43-b38ab8080170,d664d284-74ef-4c66-9656-d03f6dfdfb63,168ef7c9-d20f-41ef-a1f7-922e3693c951,168ef7c9-d20f-41ef-a1f7-922e3693c951,Hong Kong Public Libraries - Programme Highlights,Hong Kong Public Libraries - Reading Activities,Hong Kong Public Libraries - Reading Activities,0.987231969833374,0.9555749893188477,0.9474746584892273,False,False,False,0.0
When and where is the roving exhibition titled 'Blissful Moments Between Pages' held?,5b37a8c7-8399-49ee-8e43-b38ab8080170,d664d284-74ef-4c66-9656-d03f6dfdfb63,afd45438-71b1-4fd1-9007-13ab2723360d,168ef7c9-d20f-41ef-a1f7-922e3693c951,Hong Kong Public Libraries - Programme Highlights,Hong Kong Public Libraries - Reading Activities,Hong Kong Public Libraries - Reading Activities,0.987231969833374,0.9491532444953918,0.9483574032783508,False,False,False,0.0
When and where is the roving exhibition titled 'Blissful Moments Between Pages' held?,5b37a8c7-8399-49ee-8e43-b38ab8080170,d664d284-74ef-4c66-9656-d03f6dfdfb63,168ef7c9-d20f-41ef-a1f7-922e3693c951,afd45438-71b1-4fd1-9007-13ab2723360d,Hong Kong Public Libraries - Programme Highlights,Hong Kong Public Libraries - Reading Activities,Hong Kong Public Libraries - Reading Activities,0.987231969833374,0.9569109678268433,0.9568707942962646,False,False,False,0.0
When and where is the roving exhibition titled 'Blissful Moments Between Pages' held?,5b37a8c7-8399-49ee-8e43-b38ab8080170,d664d284-74ef-4c66-9656-d03f6dfdfb63,168ef7c9-d20f-41ef-a1f7-922e3693c951,afd45438-71b1-4fd1-9007-13ab2723360d,Hong Kong Public Libraries - Programme Highlights,Hong Kong Public Libraries - Reading Activities,Hong Kong Public Libraries - Reading Activities,0.987231969833374,0.9569109678268433,0.9568707942962646,False,False,False,0.0
When and where is the roving exhibition titled 'Blissful Moments Between Pages' held?,5b37a8c7-8399-49ee-8e43-b38ab8080170,d664d284-74ef-4c66-9656-d03f6dfdfb63,168ef7c9-d20f-41ef-a1f7-922e3693c951,afd45438-71b1-4fd1-9007-13ab2723360d,Hong Kong Public Libraries - Programme Highlights,Hong Kong Public Libraries - Reading Activities,Hong Kong Public Libraries - Reading Activities,0.987231969833374,0.9569109678268433,0.9568707942962646,False,False,False,0.0
"What is the phone number and email address for enquiries regarding library services, membership, account, password, renewal, and reservations?",5ee77841-3eef-416b-9ab6-39dff8ff2a79,5ee77841-3eef-416b-9ab6-39dff8ff2a79,92f274b8-c6c6-4258-8f71-159644988e5b,5ee77841-3eef-416b-9ab6-39dff8ff2a79,Hong Kong Public Libraries - Internet Reference Enquiry Service,Hong Kong Public Libraries - Internet Reference Enquiry Service,Hong Kong Public Libraries - Internet Reference Enquiry Service,0.9991549253463745,0.9989622831344604,0.9935832619667053,True,True,True,1.0
What is the phone number for the Multimedia Information System Service Enquiry at Hong Kong Public Libraries?,5ee77841-3eef-416b-9ab6-39dff8ff2a79,5ee77841-3eef-416b-9ab6-39dff8ff2a79,92f274b8-c6c6-4258-8f71-159644988e5b,5ee77841-3eef-416b-9ab6-39dff8ff2a79,Hong Kong Public Libraries - Internet Reference Enquiry Service,Hong Kong Public Libraries - Internet Reference Enquiry Service,Hong Kong Public Libraries - Internet Reference Enquiry Service,0.9989156723022461,0.9975090026855469,0.9947278499603271,True,True,True,1.0
What is the title of the Subject Talk in the Talk Series on Life & Death Education?,64d0cf01-8acd-4853-a297-5419978dc695,64d0cf01-8acd-4853-a297-5419978dc695,8d0221d9-ae32-417e-b0bd-0ea56e459f65,5a5a6ea0-ec30-432b-a83f-a07b62105f3c,Hong Kong Public Libraries - Talks / Workshops,Hong Kong Public Libraries - Electronic Resources,Hong Kong Public Libraries - Electronic Resources,0.9966048002243042,0.9965079426765442,0.9958806037902832,True,True,True,1.0
"What is the date, time, and venue for the subject talk titled 'Remembering Our Heroes: The War of Resistance History of the Outlying Islands'?",64d0cf01-8acd-4853-a297-5419978dc695,64d0cf01-8acd-4853-a297-5419978dc695,79cba5eb-d3b2-45d4-99bb-d960a68dafff,9e9ca7da-8451-4aaa-902b-1a913d1ef33f,Hong Kong Public Libraries - Talks / Workshops,Hong Kong Public Libraries - Programme Calendar,Hong Kong Public Libraries,0.9999791383743286,0.009862007573246956,0.007816534489393234,True,True,True,1.0
"What is the date, time, and venue for the subject talk titled 'The Popular Method of Brewing Tea in the Tang Dynasty'?",64d0cf01-8acd-4853-a297-5419978dc695,64d0cf01-8acd-4853-a297-5419978dc695,64d0cf01-8acd-4853-a297-5419978dc695,54a99664-9994-454a-b750-89522cc03e42,Hong Kong Public Libraries - Talks / Workshops,Hong Kong Public Libraries - Talks / Workshops,Parent-Child Story Theatre Event,0.9999707937240601,0.9999690055847168,0.9958720803260803,True,True,True,1.0
"What is the date, time, and venue for the 'Be a Little Town Planner' workshop aimed at promoting town planning in Hong Kong?",64d0cf01-8acd-4853-a297-5419978dc695,64d0cf01-8acd-4853-a297-5419978dc695,64d0cf01-8acd-4853-a297-5419978dc695,64d0cf01-8acd-4853-a297-5419978dc695,Hong Kong Public Libraries - Talks / Workshops,Hong Kong Public Libraries - Talks / Workshops,Hong Kong Public Libraries - Talks / Workshops,0.9999830722808838,0.999982476234436,0.9999785423278809,True,True,True,1.0
"What is the date, time, and venue for the 'Be a Little Town Planner' workshop aimed at promoting town planning in Hong Kong?",64d0cf01-8acd-4853-a297-5419978dc695,64d0cf01-8acd-4853-a297-5419978dc695,64d0cf01-8acd-4853-a297-5419978dc695,64d0cf01-8acd-4853-a297-5419978dc695,Hong Kong Public Libraries - Talks / Workshops,Hong Kong Public Libraries - Talks / Workshops,Hong Kong Public Libraries - Talks / Workshops,0.999983549118042,0.9999814033508301,0.9999774694442749,True,True,True,1.0
"What is the date, time, and venue for the talk titled 'Chinese Culture and our Intangible Culinary Heritage: Hong Kong-style Milk Tea, Pineapple Bun, and Egg Tart'?",64d0cf01-8acd-4853-a297-5419978dc695,79cba5eb-d3b2-45d4-99bb-d960a68dafff,64d0cf01-8acd-4853-a297-5419978dc695,64d0cf01-8acd-4853-a297-5419978dc695,Hong Kong Public Libraries - Programme Calendar,Hong Kong Public Libraries - Talks / Workshops,Hong Kong Public Libraries - Talks / Workshops,0.9999319314956665,0.9999194145202637,0.9970619082450867,False,True,True,0.5
What are the three distinct types of ecosystems mentioned in the HKPL recommended reading about the Earth that host unique biological communities?,6e349ba5-62d4-4f97-858c-e5be4c72beac,6e349ba5-62d4-4f97-858c-e5be4c72beac,de170ef9-b843-4b28-9c30-e2ea60e7e69e,6e349ba5-62d4-4f97-858c-e5be4c72beac,Hong Kong Public Libraries - Recommended Reading,HKPL FAQ CSV,Hong Kong Public Libraries - Recommended Reading,0.6237849817404173,0.5018416493582254,0.5000258982166121,True,True,True,1.0
What are some examples of natural phenomena that science can explain according to the introduction?,6e349ba5-62d4-4f97-858c-e5be4c72beac,6e349ba5-62d4-4f97-858c-e5be4c72beac,6e349ba5-62d4-4f97-858c-e5be4c72beac,979f1983-f7fb-4dba-a22f-7d1cb0c9102e,Hong Kong Public Libraries - Recommended Reading,Hong Kong Public Libraries - Recommended Reading,Hong Kong Public Libraries - e-Databases,0.99703049659729,0.9957470893859863,0.028420649468898773,True,True,True,1.0
What are the five specific fields of science mentioned in the introduction?,6e349ba5-62d4-4f97-858c-e5be4c72beac,6e349ba5-62d4-4f97-858c-e5be4c72beac,6e349ba5-62d4-4f97-858c-e5be4c72beac,979f1983-f7fb-4dba-a22f-7d1cb0c9102e,Hong Kong Public Libraries - Recommended Reading,Hong Kong Public Libraries - Recommended Reading,Hong Kong Public Libraries - e-Databases,0.9820543527603149,0.9079644680023193,0.07706189900636673,True,True,True,1.0
Which mobile library service point in Sham Shui Po was suspended on 24 June 2026 due to urgent maintenance?,6ffe34b8-5a77-46bc-a68e-c4f08695c434,9ba9f6e8-99b9-43c8-8fd1-3da61fea1151,6ffe34b8-5a77-46bc-a68e-c4f08695c434,8c687299-209f-483c-b43a-b368b07545fb,Hong Kong Public Libraries - Library Notices,Hong Kong Public Libraries - Temporary Suspension of Mobile Library Services – Mobile Library 2,Hong Kong Public Libraries - Temporary Suspension of Mobile Library Services – Mobile Library 2,0.7664304008016113,0.7543716655484342,0.7263330654104391,False,True,True,0.5
What technology is used in the new Self-checkout Machine to allow readers to checkout multiple items in one go without scanning barcodes?,7188bdc8-763f-4982-9535-00b685fbe632,7188bdc8-763f-4982-9535-00b685fbe632,7188bdc8-763f-4982-9535-00b685fbe632,7188bdc8-763f-4982-9535-00b685fbe632,Hong Kong Public Libraries - New Self-service Equipment,Hong Kong Public Libraries - New Self-service Equipment,Hong Kong Public Libraries - New Self-service Equipment,0.9998081922531128,0.8769484758377075,0.0669611319899559,True,True,True,1.0
When did the Hong Kong Public Libraries start progressively introducing the Smart Book Drop and Smart Book Return at public libraries across all districts?,7188bdc8-763f-4982-9535-00b685fbe632,7188bdc8-763f-4982-9535-00b685fbe632,7188bdc8-763f-4982-9535-00b685fbe632,7188bdc8-763f-4982-9535-00b685fbe632,Hong Kong Public Libraries - New Self-service Equipment,Hong Kong Public Libraries - New Self-service Equipment,Hong Kong Public Libraries - New Self-service Equipment,0.9996232986450195,0.9888788461685181,0.986626923084259,True,True,True,1.0
How are fines for overdue items calculated when returned via the Smart Book Drop or Smart Book Return?,7188bdc8-763f-4982-9535-00b685fbe632,7188bdc8-763f-4982-9535-00b685fbe632,7188bdc8-763f-4982-9535-00b685fbe632,fe7b4c9a-e957-4add-8fc3-670fe768dcd2,Hong Kong Public Libraries - New Self-service Equipment,Hong Kong Public Libraries - New Self-service Equipment,Hong Kong Public Libraries - Frequently Asked Questions,0.6811151910492904,0.5156911034215812,0.5031177997589147,True,True,True,1.0
Can a non-registered HKPL reader access reference materials kept on shelves?,76a75c34-0ec9-48bb-8ab0-675b41db78b0,de170ef9-b843-4b28-9c30-e2ea60e7e69e,76a75c34-0ec9-48bb-8ab0-675b41db78b0,76a75c34-0ec9-48bb-8ab0-675b41db78b0,HKPL FAQ CSV,Hong Kong Public Libraries - Ask a Librarian FAQs,Hong Kong Public Libraries - Ask a Librarian FAQs,0.9998266696929932,0.9993040561676025,0.9921884536743164,False,True,True,0.5
What search options are available in the Library Catalogue on the HKPL website?,76a75c34-0ec9-48bb-8ab0-675b41db78b0,de170ef9-b843-4b28-9c30-e2ea60e7e69e,76a75c34-0ec9-48bb-8ab0-675b41db78b0,1cad770b-dfea-4de2-abc0-23e1fed42052,HKPL FAQ CSV,Hong Kong Public Libraries - Ask a Librarian FAQs,Hong Kong Public Libraries - Library Catalogue,0.9997400641441345,0.9986020922660828,0.9976832866668701,False,True,True,0.5
"Which classification scheme is used for English books in the Hong Kong Public Libraries, and how are fiction books organized on the shelves?",76a75c34-0ec9-48bb-8ab0-675b41db78b0,76a75c34-0ec9-48bb-8ab0-675b41db78b0,76a75c34-0ec9-48bb-8ab0-675b41db78b0,de170ef9-b843-4b28-9c30-e2ea60e7e69e,Hong Kong Public Libraries - Ask a Librarian FAQs,Hong Kong Public Libraries - Ask a Librarian FAQs,HKPL FAQ CSV,0.7343145669383917,0.7329923569851244,0.6952355918428667,True,True,True,1.0
Which mobile library service point in Tseung Kwan O was suspended on 22 June 2026 due to urgent maintenance of the mobile library van?,777bb116-6af0-46f6-8fa4-1fb40febbc2d,8c687299-209f-483c-b43a-b368b07545fb,777bb116-6af0-46f6-8fa4-1fb40febbc2d,d813fb41-9156-4ec2-b6a3-211349dcb73e,Hong Kong Public Libraries - Temporary Suspension of Mobile Library Services – Mobile Library 2,Hong Kong Public Libraries - Temporary Suspension of Mobile Library Services – Mobile Library 2,Hong Kong Public Libraries - Temporary Suspension of Mobile Library Services – Mobile Library 2,0.8510157123510755,0.8382279276847839,0.8348123679999226,False,True,True,0.5
How many days before the due date is the Due Date Reminder sent via the Paperless Library Notification Service?,784136c6-fed0-4ed1-a385-7fb7d41b3d7b,784136c6-fed0-4ed1-a385-7fb7d41b3d7b,784136c6-fed0-4ed1-a385-7fb7d41b3d7b,784136c6-fed0-4ed1-a385-7fb7d41b3d7b,Hong Kong Public Libraries - Paperless Library Notification Service,Hong Kong Public Libraries - Paperless Library Notification Service,Hong Kong Public Libraries - Paperless Library Notification Service,0.7765908241271973,0.7294071478004976,0.7228049039840698,True,True,True,1.0
What steps must a user take to discontinue receiving library notices through email via the My Account portal?,784136c6-fed0-4ed1-a385-7fb7d41b3d7b,784136c6-fed0-4ed1-a385-7fb7d41b3d7b,784136c6-fed0-4ed1-a385-7fb7d41b3d7b,784136c6-fed0-4ed1-a385-7fb7d41b3d7b,Hong Kong Public Libraries - Paperless Library Notification Service,Hong Kong Public Libraries - Paperless Library Notification Service,Hong Kong Public Libraries - Paperless Library Notification Service,0.7533081475863646,0.6487192914271592,0.6207641548146058,True,True,True,1.0
What is the time interval for the First Overdue Notice sent via the Library Email Notification Service?,784136c6-fed0-4ed1-a385-7fb7d41b3d7b,784136c6-fed0-4ed1-a385-7fb7d41b3d7b,784136c6-fed0-4ed1-a385-7fb7d41b3d7b,784136c6-fed0-4ed1-a385-7fb7d41b3d7b,Hong Kong Public Libraries - Paperless Library Notification Service,Hong Kong Public Libraries - Paperless Library Notification Service,Hong Kong Public Libraries - Paperless Library Notification Service,0.7639994621276855,0.7369557619094849,0.6861944981697513,True,True,True,1.0
What is the delivery schedule for the Overdue Alert in the My Library App?,784136c6-fed0-4ed1-a385-7fb7d41b3d7b,784136c6-fed0-4ed1-a385-7fb7d41b3d7b,784136c6-fed0-4ed1-a385-7fb7d41b3d7b,d3d0c789-aec8-45c8-b351-7bcbd9318588,Hong Kong Public Libraries - Paperless Library Notification Service,Hong Kong Public Libraries - Paperless Library Notification Service,Hong Kong Public Libraries - My Library - The Official Mobile App,0.773452606981682,0.6836595127785509,0.6739188633537029,True,True,True,1.0
"What is the venue for the event titled 'Chinese Culture and our Intangible Culinary Heritage: Hong Kong-style Milk Tea, Pineapple Bun, and Egg Tart'?",79cba5eb-d3b2-45d4-99bb-d960a68dafff,79cba5eb-d3b2-45d4-99bb-d960a68dafff,64d0cf01-8acd-4853-a297-5419978dc695,79cba5eb-d3b2-45d4-99bb-d960a68dafff,Hong Kong Public Libraries - Programme Calendar,Hong Kong Public Libraries - Talks / Workshops,Hong Kong Public Libraries - Programme Calendar,0.9999220371246338,0.9998822212219238,0.996664822101593,True,True,True,1.0
What are the three specific food items highlighted in the section about Hong Kong's intangible culinary heritage?,79cba5eb-d3b2-45d4-99bb-d960a68dafff,79cba5eb-d3b2-45d4-99bb-d960a68dafff,64d0cf01-8acd-4853-a297-5419978dc695,64d0cf01-8acd-4853-a297-5419978dc695,Hong Kong Public Libraries - Programme Calendar,Hong Kong Public Libraries - Talks / Workshops,Hong Kong Public Libraries - Talks / Workshops,0.9998204708099365,0.9997391104698181,0.9986429810523987,True,True,True,1.0
What is the title of the lecture held on 13 September 2026 at the Hong Kong Central Library Lecture Theatre?,79cba5eb-d3b2-45d4-99bb-d960a68dafff,01121b58-4b71-454c-b5b8-e7693eb0014f,3d1decc4-6ab4-49ce-a3d8-2e171c8acdfb,3d1decc4-6ab4-49ce-a3d8-2e171c8acdfb,Hong Kong Public Libraries - Literary Activities,Hong Kong Public Libraries - Hok Hoi Lectures on Chinese Wisdom and Life Pursuits (May to Aug 2026),Hong Kong Public Libraries - Hok Hoi Lectures on Chinese Wisdom and Life Pursuits (May to Aug 2026),0.9960254430770874,0.9954710602760315,0.9695095419883728,False,False,False,0.0
What is the venue for the event 'Recollections of Nanyin and Yue'ou in Hong Kong'?,79cba5eb-d3b2-45d4-99bb-d960a68dafff,79cba5eb-d3b2-45d4-99bb-d960a68dafff,79cba5eb-d3b2-45d4-99bb-d960a68dafff,79cba5eb-d3b2-45d4-99bb-d960a68dafff,Hong Kong Public Libraries - Programme Calendar,Hong Kong Public Libraries - Programme Calendar,Hong Kong Public Libraries - Programme Calendar,0.9999544620513916,0.9879008531570435,0.7546331286430359,True,True,True,1.0
"Which form of narrative singing, presented in the Cantonese vernacular by shiniang (blind female artists) in Hong Kong half a century ago, has been almost completely forgotten?",79cba5eb-d3b2-45d4-99bb-d960a68dafff,79cba5eb-d3b2-45d4-99bb-d960a68dafff,79cba5eb-d3b2-45d4-99bb-d960a68dafff,83ef11ce-1b7e-4d1b-b869-4e290f81f5ea,Hong Kong Public Libraries - Programme Calendar,Hong Kong Public Libraries - Programme Calendar,Hong Kong Public Libraries - Strange Tales in Ancient China,0.9999321699142456,0.9521723389625549,0.09472643584012985,True,True,True,1.0
Where and when is the roving exhibition 'The Golden Age of the Sui and Tang Dynasties Depicted in Dunhuang Murals' held?,79cba5eb-d3b2-45d4-99bb-d960a68dafff,e680a689-c355-47bf-ac4c-40778ae3cb7b,e680a689-c355-47bf-ac4c-40778ae3cb7b,e680a689-c355-47bf-ac4c-40778ae3cb7b,Hong Kong Public Libraries - Programme Calendar,Hong Kong Public Libraries - Programme Calendar,Hong Kong Public Libraries - Programme Calendar,0.9999631643295288,0.9999566078186035,0.9999421834945679,False,False,False,0.0
Which form number should I use to apply for a library card using my Smart Identity Card?,7d66efa8-2a16-4ee9-b585-5778a02b7d90,76a75c34-0ec9-48bb-8ab0-675b41db78b0,7d66efa8-2a16-4ee9-b585-5778a02b7d90,76a75c34-0ec9-48bb-8ab0-675b41db78b0,Hong Kong Public Libraries - Ask a Librarian FAQs,Hong Kong Public Libraries - Forms,Hong Kong Public Libraries - Ask a Librarian FAQs,0.9984694123268127,0.9967796802520752,0.9945787787437439,False,True,True,0.5
"Which form should a patron use to report the loss of an Identity Card allowed for library purposes, and is this report considered a submission to the Immigration Department?",7d66efa8-2a16-4ee9-b585-5778a02b7d90,7d66efa8-2a16-4ee9-b585-5778a02b7d90,7d66efa8-2a16-4ee9-b585-5778a02b7d90,7d66efa8-2a16-4ee9-b585-5778a02b7d90,Hong Kong Public Libraries - Forms,Hong Kong Public Libraries - Forms,Hong Kong Public Libraries - Forms,0.9978107213973999,0.9779478311538696,0.9663996696472168,True,True,True,1.0
What is the email address to which PDF e-Forms for library material reservations should be submitted?,7d66efa8-2a16-4ee9-b585-5778a02b7d90,7d66efa8-2a16-4ee9-b585-5778a02b7d90,7d66efa8-2a16-4ee9-b585-5778a02b7d90,784136c6-fed0-4ed1-a385-7fb7d41b3d7b,Hong Kong Public Libraries - Forms,Hong Kong Public Libraries - Forms,Hong Kong Public Libraries - Paperless Library Notification Service,0.9986096620559692,0.9080352187156677,0.43257665634155273,True,True,True,1.0
"What was the date, format, and host of the 15th Conference on Cooperative Development and Sharing of Chinese Resources (CCDSCR)?",86dcfb30-3222-432f-a9fd-186256f710ad,86dcfb30-3222-432f-a9fd-186256f710ad,86dcfb30-3222-432f-a9fd-186256f710ad,5a5a6ea0-ec30-432b-a83f-a07b62105f3c,Hong Kong Public Libraries - The 15th Conference on Cooperative Development and Sharing of Chinese Resources (CCDSCR),Hong Kong Public Libraries - The 15th Conference on Cooperative Development and Sharing of Chinese Resources (CCDSCR),Hong Kong Public Libraries - Electronic Resources,0.9983581900596619,0.9889523386955261,0.0007439043838530779,True,True,True,1.0
"Which Chinese e-book collection ranked first in popularity for 2025, and what is its usage count?",8c198a14-3527-4860-82c0-81faa366f699,8c198a14-3527-4860-82c0-81faa366f699,8c198a14-3527-4860-82c0-81faa366f699,8c198a14-3527-4860-82c0-81faa366f699,Hong Kong Public Libraries - 2025,Hong Kong Public Libraries - 2025,Hong Kong Public Libraries - 2025,0.999707043170929,0.9916131496429443,0.8954827189445496,True,True,True,1.0
Which e-book collection allows HyRead ebook Readers to access the audio collection of Jin Yong's martial arts novels titled 'The Courage of the Garden of Fragrance: The Guidance of Father Lu Xun's 'Armed Man''?,8c198a14-3527-4860-82c0-81faa366f699,19afe8e9-570c-4e4e-b2dd-e192b485a0e5,8c198a14-3527-4860-82c0-81faa366f699,8d0221d9-ae32-417e-b0bd-0ea56e459f65,Hong Kong Public Libraries -e-Books,Hong Kong Public Libraries - 2025,Hong Kong Public Libraries - Electronic Resources,0.767405853712909,0.7623148418852607,0.5699102026170623,False,True,True,0.5
Which James Clear book is ranked 5th in the 2025 Chinese e-Books list and is available via HyRead?,8c198a14-3527-4860-82c0-81faa366f699,8c198a14-3527-4860-82c0-81faa366f699,8c198a14-3527-4860-82c0-81faa366f699,8c198a14-3527-4860-82c0-81faa366f699,Hong Kong Public Libraries - 2025,Hong Kong Public Libraries - 2025,Hong Kong Public Libraries - 2025,0.9893112182617188,0.9865840673446655,0.9693482518196106,True,True,True,1.0
"Which Chinese e-book by author 6 æå·¥ä»èaä¿å¤©æ ̧ æ3å3⁄4æ°äooç was the most popular in the 2025 list, and how many times was it borrowed?",8c198a14-3527-4860-82c0-81faa366f699,8c198a14-3527-4860-82c0-81faa366f699,8c198a14-3527-4860-82c0-81faa366f699,8c198a14-3527-4860-82c0-81faa366f699,Hong Kong Public Libraries - 2025,Hong Kong Public Libraries - 2025,Hong Kong Public Libraries - 2025,0.9981108903884888,0.996672511100769,0.9752976298332214,True,True,True,1.0
"Which e-book by Daniel Kahneman was the 608th most popular in the 2025 Chinese e-Books list, and how many times was it borrowed?",8c198a14-3527-4860-82c0-81faa366f699,8c198a14-3527-4860-82c0-81faa366f699,8c198a14-3527-4860-82c0-81faa366f699,8c198a14-3527-4860-82c0-81faa366f699,Hong Kong Public Libraries - 2025,Hong Kong Public Libraries - 2025,Hong Kong Public Libraries - 2025,0.9996883273124695,0.9960309863090515,0.9869389533996582,True,True,True,1.0
"Which English e-book from the Naxos Spoken Word Library was the most popular in 2025, and how many times was it used?",8c198a14-3527-4860-82c0-81faa366f699,8c198a14-3527-4860-82c0-81faa366f699,8c198a14-3527-4860-82c0-81faa366f699,8c198a14-3527-4860-82c0-81faa366f699,Hong Kong Public Libraries - 2025,Hong Kong Public Libraries - 2025,Hong Kong Public Libraries - 2025,0.9980917572975159,0.9935663342475891,0.9694324731826782,True,True,True,1.0
Which English e-book from the 2025 top 10 list is authored by George Orwell and available via OverDrive eBooks?,8c198a14-3527-4860-82c0-81faa366f699,8c198a14-3527-4860-82c0-81faa366f699,8c198a14-3527-4860-82c0-81faa366f699,19afe8e9-570c-4e4e-b2dd-e192b485a0e5,Hong Kong Public Libraries - 2025,Hong Kong Public Libraries - 2025,Hong Kong Public Libraries -e-Books,0.9896271228790283,0.9462420344352722,0.6879060864448547,True,True,True,1.0
Which mobile library service point in Tseung Kwan O was suspended on 16 February 2025 due to urgent maintenance?,8c687299-209f-483c-b43a-b368b07545fb,8c687299-209f-483c-b43a-b368b07545fb,777bb116-6af0-46f6-8fa4-1fb40febbc2d,d813fb41-9156-4ec2-b6a3-211349dcb73e,Hong Kong Public Libraries - Temporary Suspension of Mobile Library Services – Mobile Library 2,Hong Kong Public Libraries - Temporary Suspension of Mobile Library Services – Mobile Library 2,Hong Kong Public Libraries - Temporary Suspension of Mobile Library Services – Mobile Library 2,0.8186511641338818,0.7915178537368774,0.7880887028005336,True,True,True,1.0
When did the OverDrive Chinese eBooks (Simplified Chinese) service launch?,8d0221d9-ae32-417e-b0bd-0ea56e459f65,5a5a6ea0-ec30-432b-a83f-a07b62105f3c,8d0221d9-ae32-417e-b0bd-0ea56e459f65,19afe8e9-570c-4e4e-b2dd-e192b485a0e5,Hong Kong Public Libraries - Electronic Resources,Hong Kong Public Libraries - Electronic Resources,Hong Kong Public Libraries -e-Books,0.9994202256202698,0.9993705749511719,0.5375293493270874,False,True,True,0.5
What specific martial arts e-book collections are highlighted in the latest notices on the HKPL electronic resources page?,8d0221d9-ae32-417e-b0bd-0ea56e459f65,8d0221d9-ae32-417e-b0bd-0ea56e459f65,5a5a6ea0-ec30-432b-a83f-a07b62105f3c,de170ef9-b843-4b28-9c30-e2ea60e7e69e,Hong Kong Public Libraries - Electronic Resources,Hong Kong Public Libraries - Electronic Resources,HKPL FAQ CSV,0.7028458746831929,0.6901367923739693,0.6851082664857241,True,True,True,1.0
"What is the date, time, and venue for the Parent-Child Story Theatre event on 'Historical Figures from Sui and Tang Dynasties'?",91459869-e547-4628-8ee6-48303ced6b3f,91459869-e547-4628-8ee6-48303ced6b3f,54a99664-9994-454a-b750-89522cc03e42,54a99664-9994-454a-b750-89522cc03e42,Parent-Child Story Theatre Event,Parent-Child Story Theatre Event,Parent-Child Story Theatre Event,0.9999817609786987,0.9999817609786987,0.9999793767929077,True,True,True,1.0
"What is the date, time, and venue for the Parent-Child Story Theatre event on 'Historical Figures from Sui and Tang Dynasties'?",91459869-e547-4628-8ee6-48303ced6b3f,91459869-e547-4628-8ee6-48303ced6b3f,54a99664-9994-454a-b750-89522cc03e42,91459869-e547-4628-8ee6-48303ced6b3f,Parent-Child Story Theatre Event,Parent-Child Story Theatre Event,Parent-Child Story Theatre Event,0.9999817609786987,0.9999817609786987,0.9999781847000122,True,True,True,1.0
"What is the phone number and email address for enquiries regarding library services, membership, account, password, renewal, and reservations?",92f274b8-c6c6-4258-8f71-159644988e5b,92f274b8-c6c6-4258-8f71-159644988e5b,5ee77841-3eef-416b-9ab6-39dff8ff2a79,5ee77841-3eef-416b-9ab6-39dff8ff2a79,Hong Kong Public Libraries - Internet Reference Enquiry Service,Hong Kong Public Libraries - Internet Reference Enquiry Service,Hong Kong Public Libraries - Internet Reference Enquiry Service,0.9992538094520569,0.9991549253463745,0.9937186241149902,True,True,True,1.0
What is the phone number for the Digital Collection Service Enquiry at Hong Kong Public Libraries?,92f274b8-c6c6-4258-8f71-159644988e5b,92f274b8-c6c6-4258-8f71-159644988e5b,5ee77841-3eef-416b-9ab6-39dff8ff2a79,2ccd9b41-566a-4278-8826-e5d0b7ad2713,Hong Kong Public Libraries - Internet Reference Enquiry Service,Hong Kong Public Libraries - Internet Reference Enquiry Service,Hong Kong Public Libraries - Contact Us,0.999008059501648,0.9979612827301025,0.9975758194923401,True,True,True,1.0
What is the gross area of the Hong Kong Central Library building?,94e479bb-cb27-49ec-8cb7-280e0c308229,94e479bb-cb27-49ec-8cb7-280e0c308229,94e479bb-cb27-49ec-8cb7-280e0c308229,bbaa337b-f76b-4a05-9a29-af000e66bc1d,Hong Kong Public Libraries - Hong Kong Central Library Introduction,Hong Kong Public Libraries - Hong Kong Central Library Introduction,HKPL Library List PDF,0.9994097948074341,0.5183204412460327,0.27410879731178284,True,True,True,1.0
Which nine international organizations have designated the Hong Kong Central Library as their depository library in Hong Kong?,94e479bb-cb27-49ec-8cb7-280e0c308229,94e479bb-cb27-49ec-8cb7-280e0c308229,d85949f9-6adc-4527-b59c-e0067a469a9d,94e479bb-cb27-49ec-8cb7-280e0c308229,Hong Kong Public Libraries - Hong Kong Central Library Introduction,Hong Kong Public Libraries - Introduction,Hong Kong Public Libraries - Hong Kong Central Library Introduction,0.9994832277297974,0.9888070821762085,0.2050541788339615,True,True,True,1.0
Which public library branches provide access to the Business Source Complete database?,979f1983-f7fb-4dba-a22f-7d1cb0c9102e,979f1983-f7fb-4dba-a22f-7d1cb0c9102e,2df9f701-76b1-4b9d-8417-82b2ed1bc24e,19afe8e9-570c-4e4e-b2dd-e192b485a0e5,Hong Kong Public Libraries - e-Databases,Hong Kong Public Libraries - e-Databases - search by subject,Hong Kong Public Libraries -e-Books,0.9996950030326843,0.8723015189170837,0.8437644243240356,True,True,True,1.0
Which Hong Kong Public Library branches provide access to the China Academic Journals Full-text Database (CJFD)?,979f1983-f7fb-4dba-a22f-7d1cb0c9102e,979f1983-f7fb-4dba-a22f-7d1cb0c9102e,2df9f701-76b1-4b9d-8417-82b2ed1bc24e,5a5a6ea0-ec30-432b-a83f-a07b62105f3c,Hong Kong Public Libraries - e-Databases,Hong Kong Public Libraries - e-Databases - search by subject,Hong Kong Public Libraries - Electronic Resources,0.9994996786117554,0.9588702321052551,0.9250795245170593,True,True,True,1.0
Which Hong Kong Public Library branches provide access to the China Doctoral Dissertations Full-text Database?,979f1983-f7fb-4dba-a22f-7d1cb0c9102e,979f1983-f7fb-4dba-a22f-7d1cb0c9102e,979f1983-f7fb-4dba-a22f-7d1cb0c9102e,979f1983-f7fb-4dba-a22f-7d1cb0c9102e,Hong Kong Public Libraries - e-Databases,Hong Kong Public Libraries - e-Databases,Hong Kong Public Libraries - e-Databases,0.9995197057723999,0.9984180927276611,0.9972435235977173,True,True,True,1.0
Which public library branches in Hong Kong provide access to the China Masters' Theses Full-text Database?,979f1983-f7fb-4dba-a22f-7d1cb0c9102e,979f1983-f7fb-4dba-a22f-7d1cb0c9102e,979f1983-f7fb-4dba-a22f-7d1cb0c9102e,979f1983-f7fb-4dba-a22f-7d1cb0c9102e,Hong Kong Public Libraries - e-Databases,Hong Kong Public Libraries - e-Databases,Hong Kong Public Libraries - e-Databases,0.9997875690460205,0.9988297820091248,0.9771597981452942,True,True,True,1.0
When is Mobile Library 2 scheduled to be temporarily suspended?,9ba9f6e8-99b9-43c8-8fd1-3da61fea1151,8c687299-209f-483c-b43a-b368b07545fb,6ffe34b8-5a77-46bc-a68e-c4f08695c434,777bb116-6af0-46f6-8fa4-1fb40febbc2d,Hong Kong Public Libraries - Temporary Suspension of Mobile Library Services – Mobile Library 2,Hong Kong Public Libraries - Temporary Suspension of Mobile Library Services – Mobile Library 2,Hong Kong Public Libraries - Temporary Suspension of Mobile Library Services – Mobile Library 2,0.8058182481419011,0.7959654805639687,0.7928180447599941,False,False,False,0.0
"What are the dates, time, and venue for the Tang-style Photo Taking and Bookmark Making activity in the Chinese Culture Festival 2026 Library Tie-in Activities?",afd45438-71b1-4fd1-9007-13ab2723360d,168ef7c9-d20f-41ef-a1f7-922e3693c951,afd45438-71b1-4fd1-9007-13ab2723360d,168ef7c9-d20f-41ef-a1f7-922e3693c951,Hong Kong Public Libraries - Reading Activities,Hong Kong Public Libraries - Reading Activities,Hong Kong Public Libraries - Reading Activities,0.999984860420227,0.9999845027923584,0.9999836683273315,False,True,True,0.5
"What are the dates, time, and venue for the Book Display activities in the Chinese Culture Promotion Series / Chinese Culture Festival 2026 Library Tie-in Activities?",afd45438-71b1-4fd1-9007-13ab2723360d,168ef7c9-d20f-41ef-a1f7-922e3693c951,168ef7c9-d20f-41ef-a1f7-922e3693c951,afd45438-71b1-4fd1-9007-13ab2723360d,Hong Kong Public Libraries - Reading Activities,Hong Kong Public Libraries - Reading Activities,Hong Kong Public Libraries - Reading Activities,0.9999604225158691,0.9999600648880005,0.9999535083770752,False,True,True,0.3333333333333333
Where and when is the Roving Exhibition on Reading Supernova of Reading Programme for Children and Youth in 2024-2025 held?,afd45438-71b1-4fd1-9007-13ab2723360d,afd45438-71b1-4fd1-9007-13ab2723360d,168ef7c9-d20f-41ef-a1f7-922e3693c951,168ef7c9-d20f-41ef-a1f7-922e3693c951,Hong Kong Public Libraries - Reading Activities,Hong Kong Public Libraries - Reading Activities,Hong Kong Public Libraries - Reading Activities,0.9997785091400146,0.9997555613517761,0.9997490048408508,True,True,True,1.0
"When, where, and for how long is the Roving Exhibition on Reading Supernova of Reading Programme for Children and Youth in 2024-2025 held?",afd45438-71b1-4fd1-9007-13ab2723360d,168ef7c9-d20f-41ef-a1f7-922e3693c951,168ef7c9-d20f-41ef-a1f7-922e3693c951,afd45438-71b1-4fd1-9007-13ab2723360d,Hong Kong Public Libraries - Reading Activities,Hong Kong Public Libraries - Reading Activities,Hong Kong Public Libraries - Reading Activities,0.9998242855072021,0.9998224973678589,0.9998016357421875,False,True,True,0.3333333333333333
Where and when is the Roving Exhibition on Reading Supernova of Reading Programme for Children and Youth in 2024-2025 held?,afd45438-71b1-4fd1-9007-13ab2723360d,afd45438-71b1-4fd1-9007-13ab2723360d,168ef7c9-d20f-41ef-a1f7-922e3693c951,168ef7c9-d20f-41ef-a1f7-922e3693c951,Hong Kong Public Libraries - Reading Activities,Hong Kong Public Libraries - Reading Activities,Hong Kong Public Libraries - Reading Activities,0.9997785091400146,0.9997555613517761,0.9997490048408508,True,True,True,1.0
Where and when is the Roving Exhibition on Reading Supernova of Reading Programme for Children and Youth in 2024-2025 held?,afd45438-71b1-4fd1-9007-13ab2723360d,afd45438-71b1-4fd1-9007-13ab2723360d,168ef7c9-d20f-41ef-a1f7-922e3693c951,168ef7c9-d20f-41ef-a1f7-922e3693c951,Hong Kong Public Libraries - Reading Activities,Hong Kong Public Libraries - Reading Activities,Hong Kong Public Libraries - Reading Activities,0.999786376953125,0.9997473359107971,0.999729573726654,True,True,True,1.0
What is the telephone number for reference enquiries at the City Hall Public Library in the Central & Western District?,bbaa337b-f76b-4a05-9a29-af000e66bc1d,bbaa337b-f76b-4a05-9a29-af000e66bc1d,bbaa337b-f76b-4a05-9a29-af000e66bc1d,bbaa337b-f76b-4a05-9a29-af000e66bc1d,HKPL Library List PDF,HKPL Library List PDF,HKPL Library List PDF,0.9999752044677734,0.9987383484840393,0.9974228143692017,True,True,True,1.0
What is the telephone number for the Aberdeen Public Library in the Southern District?,bbaa337b-f76b-4a05-9a29-af000e66bc1d,bbaa337b-f76b-4a05-9a29-af000e66bc1d,bbaa337b-f76b-4a05-9a29-af000e66bc1d,bbaa337b-f76b-4a05-9a29-af000e66bc1d,HKPL Library List PDF,HKPL Library List PDF,HKPL Library List PDF,0.9999488592147827,0.9987106323242188,0.9959551692008972,True,True,True,1.0
What is the telephone number for reference enquiries at the Sha Tin Public Library?,bbaa337b-f76b-4a05-9a29-af000e66bc1d,bbaa337b-f76b-4a05-9a29-af000e66bc1d,bbaa337b-f76b-4a05-9a29-af000e66bc1d,bbaa337b-f76b-4a05-9a29-af000e66bc1d,HKPL Library List PDF,HKPL Library List PDF,HKPL Library List PDF,0.9999548196792603,0.9990460276603699,0.9979467988014221,True,True,True,1.0
What is the full address and telephone number of the Ap Lei Chau Public Library in the Southern District?,bbaa337b-f76b-4a05-9a29-af000e66bc1d,bbaa337b-f76b-4a05-9a29-af000e66bc1d,bbaa337b-f76b-4a05-9a29-af000e66bc1d,bbaa337b-f76b-4a05-9a29-af000e66bc1d,HKPL Library List PDF,HKPL Library List PDF,HKPL Library List PDF,0.9999624490737915,0.9984702467918396,0.9157087206840515,True,True,True,1.0
What is the address and telephone number of the Pok Fu Lam Public Library in the Southern District?,bbaa337b-f76b-4a05-9a29-af000e66bc1d,bbaa337b-f76b-4a05-9a29-af000e66bc1d,bbaa337b-f76b-4a05-9a29-af000e66bc1d,bbaa337b-f76b-4a05-9a29-af000e66bc1d,HKPL Library List PDF,HKPL Library List PDF,HKPL Library List PDF,0.9999697208404541,0.9968757629394531,0.9923768639564514,True,True,True,1.0
What is the full address and telephone number of the Stanley Public Library in the Southern District?,bbaa337b-f76b-4a05-9a29-af000e66bc1d,bbaa337b-f76b-4a05-9a29-af000e66bc1d,bbaa337b-f76b-4a05-9a29-af000e66bc1d,bbaa337b-f76b-4a05-9a29-af000e66bc1d,HKPL Library List PDF,HKPL Library List PDF,HKPL Library List PDF,0.9999251365661621,0.9989832043647766,0.9980424642562866,True,True,True,1.0
What is the full address and telephone number of the Yuen Chau Kok Public Library in the Sha Tin District?,bbaa337b-f76b-4a05-9a29-af000e66bc1d,bbaa337b-f76b-4a05-9a29-af000e66bc1d,bbaa337b-f76b-4a05-9a29-af000e66bc1d,bbaa337b-f76b-4a05-9a29-af000e66bc1d,HKPL Library List PDF,HKPL Library List PDF,HKPL Library List PDF,0.9999697208404541,0.999805212020874,0.9995546936988831,True,True,True,1.0
What is the address of the Hong Kong Central Library in the Wan Chai District?,bbaa337b-f76b-4a05-9a29-af000e66bc1d,bbaa337b-f76b-4a05-9a29-af000e66bc1d,bbaa337b-f76b-4a05-9a29-af000e66bc1d,94e479bb-cb27-49ec-8cb7-280e0c308229,HKPL Library List PDF,HKPL Library List PDF,Hong Kong Public Libraries - Hong Kong Central Library Introduction,0.9997828006744385,0.9944856762886047,0.9330126047134399,True,True,True,1.0
What happens to a subscriber's email record if the HKPL fails to send the newsletter notification three times in a row due to system errors?,bbed2c76-50e5-4869-85c4-9e9241d53db8,bbed2c76-50e5-4869-85c4-9e9241d53db8,784136c6-fed0-4ed1-a385-7fb7d41b3d7b,784136c6-fed0-4ed1-a385-7fb7d41b3d7b,Hong Kong Public Libraries - HKPL Newsletter (e-version) Subscription,Hong Kong Public Libraries - Paperless Library Notification Service,Hong Kong Public Libraries - Paperless Library Notification Service,0.781941794810945,0.6084210872650146,0.5498048663139343,True,True,True,1.0
"What is the venue for the Subject Talk on 'New Era of IT' scheduled for Saturday, 13 December 2025?",ce166332-e10a-45b1-b807-27a8a9bcd34e,ce166332-e10a-45b1-b807-27a8a9bcd34e,ce166332-e10a-45b1-b807-27a8a9bcd34e,ce166332-e10a-45b1-b807-27a8a9bcd34e,Hong Kong Public Libraries - IT Activities,Hong Kong Public Libraries - IT Activities,Hong Kong Public Libraries - IT Activities,0.9998887777328491,0.9998639822006226,0.9998490810394287,True,True,True,1.0
"What is the date, time, and venue for the subject talk titled 'New Era of IT' discussing the DeepSeek AI model?",ce166332-e10a-45b1-b807-27a8a9bcd34e,ce166332-e10a-45b1-b807-27a8a9bcd34e,ce166332-e10a-45b1-b807-27a8a9bcd34e,ce166332-e10a-45b1-b807-27a8a9bcd34e,Hong Kong Public Libraries - IT Activities,Hong Kong Public Libraries - IT Activities,Hong Kong Public Libraries - IT Activities,0.9999600648880005,0.9999589920043945,0.999957799911499,True,True,True,1.0
"What is the date, time, and venue for the Workshop on 'New Era of IT'?",ce166332-e10a-45b1-b807-27a8a9bcd34e,ce166332-e10a-45b1-b807-27a8a9bcd34e,ce166332-e10a-45b1-b807-27a8a9bcd34e,ce166332-e10a-45b1-b807-27a8a9bcd34e,Hong Kong Public Libraries - IT Activities,Hong Kong Public Libraries - IT Activities,Hong Kong Public Libraries - IT Activities,0.9999594688415527,0.9999576807022095,0.9999575614929199,True,True,True,1.0
"What is the date, time, and venue for the Workshop on 'New Era of IT'?",ce166332-e10a-45b1-b807-27a8a9bcd34e,ce166332-e10a-45b1-b807-27a8a9bcd34e,ce166332-e10a-45b1-b807-27a8a9bcd34e,ce166332-e10a-45b1-b807-27a8a9bcd34e,Hong Kong Public Libraries - IT Activities,Hong Kong Public Libraries - IT Activities,Hong Kong Public Libraries - IT Activities,0.9999620914459229,0.9999529123306274,0.9999527931213379,True,True,True,1.0
"What is the date, time, and venue for the Workshop on 'New Era of IT'?",ce166332-e10a-45b1-b807-27a8a9bcd34e,ce166332-e10a-45b1-b807-27a8a9bcd34e,ce166332-e10a-45b1-b807-27a8a9bcd34e,ce166332-e10a-45b1-b807-27a8a9bcd34e,Hong Kong Public Libraries - IT Activities,Hong Kong Public Libraries - IT Activities,Hong Kong Public Libraries - IT Activities,0.9999620914459229,0.9999529123306274,0.9999527931213379,True,True,True,1.0
"What is the date, time, and venue for the Workshop on 'New Era of IT'?",ce166332-e10a-45b1-b807-27a8a9bcd34e,ce166332-e10a-45b1-b807-27a8a9bcd34e,ce166332-e10a-45b1-b807-27a8a9bcd34e,ce166332-e10a-45b1-b807-27a8a9bcd34e,Hong Kong Public Libraries - IT Activities,Hong Kong Public Libraries - IT Activities,Hong Kong Public Libraries - IT Activities,0.9999620914459229,0.9999529123306274,0.9999527931213379,True,True,True,1.0
"What is the date, time, and venue for the Workshop on 'New Era of IT'?",ce166332-e10a-45b1-b807-27a8a9bcd34e,ce166332-e10a-45b1-b807-27a8a9bcd34e,ce166332-e10a-45b1-b807-27a8a9bcd34e,ce166332-e10a-45b1-b807-27a8a9bcd34e,Hong Kong Public Libraries - IT Activities,Hong Kong Public Libraries - IT Activities,Hong Kong Public Libraries - IT Activities,0.9999620914459229,0.9999529123306274,0.9999527931213379,True,True,True,1.0
When and where is the 'Driving towards a Liveable and Vibrant World City' Roving Exhibition taking place?,d22fadb8-5a7a-4244-84d1-ddc497f89c60,64d0cf01-8acd-4853-a297-5419978dc695,64d0cf01-8acd-4853-a297-5419978dc695,64d0cf01-8acd-4853-a297-5419978dc695,Hong Kong Public Libraries - Talks / Workshops,Hong Kong Public Libraries - Talks / Workshops,Hong Kong Public Libraries - Talks / Workshops,0.9998118877410889,0.9998109340667725,0.9997967481613159,False,False,False,0.0
When and where is the Beat the Heat Project Roving Exhibition taking place?,d22fadb8-5a7a-4244-84d1-ddc497f89c60,d22fadb8-5a7a-4244-84d1-ddc497f89c60,d664d284-74ef-4c66-9656-d03f6dfdfb63,d22fadb8-5a7a-4244-84d1-ddc497f89c60,Hong Kong Public Libraries - Exhibitions,Hong Kong Public Libraries - Programme Highlights,Hong Kong Public Libraries - Exhibitions,0.9997652173042297,0.973003625869751,0.887410044670105,True,True,True,1.0
When and where is the 'Driving towards a Liveable and Vibrant World City' Roving Exhibition taking place?,d22fadb8-5a7a-4244-84d1-ddc497f89c60,64d0cf01-8acd-4853-a297-5419978dc695,64d0cf01-8acd-4853-a297-5419978dc695,64d0cf01-8acd-4853-a297-5419978dc695,Hong Kong Public Libraries - Talks / Workshops,Hong Kong Public Libraries - Talks / Workshops,Hong Kong Public Libraries - Talks / Workshops,0.9998118877410889,0.9998109340667725,0.9997967481613159,False,False,False,0.0
When and where is the 'Driving towards a Liveable and Vibrant World City' Roving Exhibition taking place?,d22fadb8-5a7a-4244-84d1-ddc497f89c60,64d0cf01-8acd-4853-a297-5419978dc695,64d0cf01-8acd-4853-a297-5419978dc695,64d0cf01-8acd-4853-a297-5419978dc695,Hong Kong Public Libraries - Talks / Workshops,Hong Kong Public Libraries - Talks / Workshops,Hong Kong Public Libraries - Talks / Workshops,0.9998269081115723,0.9998259544372559,0.9997926950454712,False,False,False,0.0
When and where is the roving exhibition introducing the 'Hong Kong Memory' website taking place in December 2026?,d22fadb8-5a7a-4244-84d1-ddc497f89c60,d22fadb8-5a7a-4244-84d1-ddc497f89c60,d22fadb8-5a7a-4244-84d1-ddc497f89c60,d22fadb8-5a7a-4244-84d1-ddc497f89c60,Hong Kong Public Libraries - Exhibitions,Hong Kong Public Libraries - Exhibitions,Hong Kong Public Libraries - Exhibitions,0.9998346567153931,0.9995111227035522,0.9976625442504883,True,True,True,1.0
Where and when is the 'Early Chinese Photography Collection of Moonchu Foundation' Roving Exhibition running in 2026?,d22fadb8-5a7a-4244-84d1-ddc497f89c60,79cba5eb-d3b2-45d4-99bb-d960a68dafff,79cba5eb-d3b2-45d4-99bb-d960a68dafff,d22fadb8-5a7a-4244-84d1-ddc497f89c60,Hong Kong Public Libraries - Programme Calendar,Hong Kong Public Libraries - Programme Calendar,Hong Kong Public Libraries - Exhibitions,0.999981164932251,0.9999784231185913,0.9999294281005859,False,True,True,0.3333333333333333
What are the available payment methods for overdue fines and reservation fees on the My Library mobile app?,d3d0c789-aec8-45c8-b351-7bcbd9318588,d3d0c789-aec8-45c8-b351-7bcbd9318588,fe7b4c9a-e957-4add-8fc3-670fe768dcd2,d3d0c789-aec8-45c8-b351-7bcbd9318588,Hong Kong Public Libraries - My Library - The Official Mobile App,Hong Kong Public Libraries - Frequently Asked Questions,Hong Kong Public Libraries - My Library - The Official Mobile App,0.9978343844413757,0.9757450819015503,0.8355675935745239,True,True,True,1.0
Where and when is the Roving Exhibition of Winning Entries of the 36th Hong Kong Print Awards being held?,d664d284-74ef-4c66-9656-d03f6dfdfb63,d664d284-74ef-4c66-9656-d03f6dfdfb63,d22fadb8-5a7a-4244-84d1-ddc497f89c60,d22fadb8-5a7a-4244-84d1-ddc497f89c60,Hong Kong Public Libraries - Programme Highlights,Hong Kong Public Libraries - Exhibitions,Hong Kong Public Libraries - Exhibitions,0.9999364614486694,0.982690691947937,0.9810375571250916,True,True,True,1.0
Which mobile library service point scheduled for 06.06.2026 was suspended due to urgent maintenance of the mobile library van?,d813fb41-9156-4ec2-b6a3-211349dcb73e,6ffe34b8-5a77-46bc-a68e-c4f08695c434,d813fb41-9156-4ec2-b6a3-211349dcb73e,6ffe34b8-5a77-46bc-a68e-c4f08695c434,Hong Kong Public Libraries - Temporary Suspension of Mobile Library Services – Mobile Library 2,Hong Kong Public Libraries - Temporary Suspension of Mobile Library Services – Mobile Library 2,Hong Kong Public Libraries - Temporary Suspension of Mobile Library Services – Mobile Library 2,0.8592245494857177,0.8403448617766678,0.8369540474983497,False,True,True,0.5
What are the five specific ways the Hong Kong Public Libraries aims to serve the public?,d85949f9-6adc-4527-b59c-e0067a469a9d,d85949f9-6adc-4527-b59c-e0067a469a9d,d85949f9-6adc-4527-b59c-e0067a469a9d,d85949f9-6adc-4527-b59c-e0067a469a9d,Hong Kong Public Libraries - Introduction,Hong Kong Public Libraries - Introduction,Hong Kong Public Libraries - Introduction,0.9997810125350952,0.9990873336791992,0.9986542463302612,True,True,True,1.0
"How many static libraries, mobile libraries, and self-service library stations are part of the Hong Kong Public Libraries network?",d85949f9-6adc-4527-b59c-e0067a469a9d,d85949f9-6adc-4527-b59c-e0067a469a9d,de4d942e-cc1d-4865-b5a0-afb73ee7eec7,de4d942e-cc1d-4865-b5a0-afb73ee7eec7,Hong Kong Public Libraries - Introduction,Hong Kong Public Libraries - Introduction,Hong Kong Public Libraries - Introduction,0.9997406601905823,0.9950945973396301,0.9892916083335876,True,True,True,1.0
"When did the Hong Kong Central Library open to the public, and what is its current capacity for library materials?",d85949f9-6adc-4527-b59c-e0067a469a9d,d85949f9-6adc-4527-b59c-e0067a469a9d,94e479bb-cb27-49ec-8cb7-280e0c308229,d85949f9-6adc-4527-b59c-e0067a469a9d,Hong Kong Public Libraries - Introduction,Hong Kong Public Libraries - Hong Kong Central Library Introduction,Hong Kong Public Libraries - Introduction,0.9994807243347168,0.9691792726516724,0.3991975784301758,True,True,True,1.0
What are the specific subject-based facilities provided by the Hong Kong Public Library in addition to standard services?,d85949f9-6adc-4527-b59c-e0067a469a9d,d85949f9-6adc-4527-b59c-e0067a469a9d,2df9f701-76b1-4b9d-8417-82b2ed1bc24e,d85949f9-6adc-4527-b59c-e0067a469a9d,Hong Kong Public Libraries - Introduction,Hong Kong Public Libraries - e-Databases - search by subject,Hong Kong Public Libraries - Introduction,0.9998705387115479,0.9978984594345093,0.9976649284362793,True,True,True,1.0
What is the theme of the Hong Kong Reading Week 2026 organized by HKPL?,d8894655-28f2-4a42-ac44-421901305804,d8894655-28f2-4a42-ac44-421901305804,d8894655-28f2-4a42-ac44-421901305804,79cba5eb-d3b2-45d4-99bb-d960a68dafff,Hong Kong Public Libraries - Hong Kong Reading Week 2026,Hong Kong Public Libraries - Hong Kong Reading Week 2026,Hong Kong Public Libraries - Programme Calendar,0.9998621940612793,0.9950810670852661,0.9581170678138733,True,True,True,1.0
What are the specific character requirements for a strong online password at HKPL effective from 7 June 2022?,d94189a2-fdc8-40cb-8484-a1621cfcc6de,fe7b4c9a-e957-4add-8fc3-670fe768dcd2,d94189a2-fdc8-40cb-8484-a1621cfcc6de,d94189a2-fdc8-40cb-8484-a1621cfcc6de,Hong Kong Public Libraries - Frequently Asked Questions,HKPL FAQ,HKPL FAQ,0.9998964071273804,0.99988853931427,0.9993795156478882,False,True,True,0.5
What is the required frequency for changing online passwords under the new strong password guidelines implemented on 7 June 2022?,d94189a2-fdc8-40cb-8484-a1621cfcc6de,fe7b4c9a-e957-4add-8fc3-670fe768dcd2,d94189a2-fdc8-40cb-8484-a1621cfcc6de,fe7b4c9a-e957-4add-8fc3-670fe768dcd2,Hong Kong Public Libraries - Frequently Asked Questions,HKPL FAQ,Hong Kong Public Libraries - Frequently Asked Questions,0.9992772936820984,0.999163031578064,0.9986140727996826,False,True,True,0.5
What steps should a reader take if they have forgotten their email address or never registered one for their HKPL online account?,d94189a2-fdc8-40cb-8484-a1621cfcc6de,d94189a2-fdc8-40cb-8484-a1621cfcc6de,784136c6-fed0-4ed1-a385-7fb7d41b3d7b,fe7b4c9a-e957-4add-8fc3-670fe768dcd2,HKPL FAQ,Hong Kong Public Libraries - Paperless Library Notification Service,Hong Kong Public Libraries - Frequently Asked Questions,0.9997604489326477,0.9996832013130188,0.9992421269416809,True,True,True,1.0
What are the two alternative methods readers can use to log into their HKPL online accounts without memorizing the 'online password'?,d94189a2-fdc8-40cb-8484-a1621cfcc6de,fe7b4c9a-e957-4add-8fc3-670fe768dcd2,fe7b4c9a-e957-4add-8fc3-670fe768dcd2,d94189a2-fdc8-40cb-8484-a1621cfcc6de,Hong Kong Public Libraries - Frequently Asked Questions,Hong Kong Public Libraries - Frequently Asked Questions,HKPL FAQ,0.9998729228973389,0.9997951984405518,0.9997554421424866,False,True,True,0.3333333333333333
"If a reader bound their library account to the ""iAM Smart"" account before 7 June 2022, do they need to change their password to log in after the new password measure was implemented?",d94189a2-fdc8-40cb-8484-a1621cfcc6de,d94189a2-fdc8-40cb-8484-a1621cfcc6de,fe7b4c9a-e957-4add-8fc3-670fe768dcd2,fe7b4c9a-e957-4add-8fc3-670fe768dcd2,HKPL FAQ,Hong Kong Public Libraries - Frequently Asked Questions,Hong Kong Public Libraries - Frequently Asked Questions,0.9998422861099243,0.999809741973877,0.9997429251670837,True,True,True,1.0
"Does the new strong password requirement effective from 7 June 2022 apply to the telephone renewal service, self-checkout machines, or self-service library stations?",d94189a2-fdc8-40cb-8484-a1621cfcc6de,d94189a2-fdc8-40cb-8484-a1621cfcc6de,d94189a2-fdc8-40cb-8484-a1621cfcc6de,fe7b4c9a-e957-4add-8fc3-670fe768dcd2,HKPL FAQ,HKPL FAQ,Hong Kong Public Libraries - Frequently Asked Questions,0.9992491602897644,0.9989749789237976,0.998658299446106,True,True,True,1.0
Why are readers required to provide their HKID number or date of birth when changing the default online password?,d94189a2-fdc8-40cb-8484-a1621cfcc6de,fe7b4c9a-e957-4add-8fc3-670fe768dcd2,d94189a2-fdc8-40cb-8484-a1621cfcc6de,d94189a2-fdc8-40cb-8484-a1621cfcc6de,Hong Kong Public Libraries - Frequently Asked Questions,HKPL FAQ,HKPL FAQ,0.9997337460517883,0.9993504881858826,0.9986414313316345,False,True,True,0.5
What is the purpose of updating or registering an email address when changing a password?,d94189a2-fdc8-40cb-8484-a1621cfcc6de,fe7b4c9a-e957-4add-8fc3-670fe768dcd2,d94189a2-fdc8-40cb-8484-a1621cfcc6de,fe7b4c9a-e957-4add-8fc3-670fe768dcd2,Hong Kong Public Libraries - Frequently Asked Questions,HKPL FAQ,Hong Kong Public Libraries - Frequently Asked Questions,0.9993171691894531,0.9978770017623901,0.8085827827453613,False,True,True,0.5
Which library in the Pearl River Delta Digital Libraries Network offers reference enquiry services exclusively in Chinese?,dacff2be-f7e2-4ad5-abd9-ea20420c7c27,a1a3b4a8-097e-47f3-a687-9e703228fdc5,dacff2be-f7e2-4ad5-abd9-ea20420c7c27,76a75c34-0ec9-48bb-8ab0-675b41db78b0,Hong Kong Public Libraries - Guangdong & Macau Libraries Internet Reference Enquiry Service,Hong Kong Public Libraries - Pearl River Delta Digital Libraries Network,Hong Kong Public Libraries - Ask a Librarian FAQs,0.999642014503479,0.9983066320419312,0.98562091588974,False,True,True,0.5
Are reference materials kept on shelves accessible to non-registered HKPL users?,de170ef9-b843-4b28-9c30-e2ea60e7e69e,de170ef9-b843-4b28-9c30-e2ea60e7e69e,76a75c34-0ec9-48bb-8ab0-675b41db78b0,de170ef9-b843-4b28-9c30-e2ea60e7e69e,HKPL FAQ CSV,Hong Kong Public Libraries - Ask a Librarian FAQs,HKPL FAQ CSV,0.999881386756897,0.9997730255126953,0.9919439554214478,True,True,True,1.0
What types of e-resources does the Hong Kong Public Library currently provide to its readers?,de170ef9-b843-4b28-9c30-e2ea60e7e69e,de170ef9-b843-4b28-9c30-e2ea60e7e69e,76a75c34-0ec9-48bb-8ab0-675b41db78b0,8d0221d9-ae32-417e-b0bd-0ea56e459f65,HKPL FAQ CSV,Hong Kong Public Libraries - Ask a Librarian FAQs,Hong Kong Public Libraries - Electronic Resources,0.9994326233863831,0.9993316531181335,0.9992282390594482,True,True,True,1.0
Which e-resources for children can be accessed via computers in HKPL libraries or the Internet?,de170ef9-b843-4b28-9c30-e2ea60e7e69e,76a75c34-0ec9-48bb-8ab0-675b41db78b0,de170ef9-b843-4b28-9c30-e2ea60e7e69e,de170ef9-b843-4b28-9c30-e2ea60e7e69e,Hong Kong Public Libraries - Ask a Librarian FAQs,HKPL FAQ CSV,HKPL FAQ CSV,0.9996093511581421,0.9995351433753967,0.9987082481384277,False,True,True,0.5
Which STEAM e-resources can be accessed via the Internet at Hong Kong Public Libraries?,de170ef9-b843-4b28-9c30-e2ea60e7e69e,76a75c34-0ec9-48bb-8ab0-675b41db78b0,de170ef9-b843-4b28-9c30-e2ea60e7e69e,979f1983-f7fb-4dba-a22f-7d1cb0c9102e,Hong Kong Public Libraries - Ask a Librarian FAQs,HKPL FAQ CSV,Hong Kong Public Libraries - e-Databases,0.9996952414512634,0.9994040727615356,0.99848473072052,False,True,True,0.5
Can registered readers access e-books and e-databases from outside the library premises?,de170ef9-b843-4b28-9c30-e2ea60e7e69e,979f1983-f7fb-4dba-a22f-7d1cb0c9102e,76a75c34-0ec9-48bb-8ab0-675b41db78b0,de170ef9-b843-4b28-9c30-e2ea60e7e69e,Hong Kong Public Libraries - e-Databases,Hong Kong Public Libraries - Ask a Librarian FAQs,HKPL FAQ CSV,0.9994869232177734,0.9987607002258301,0.9979776740074158,False,True,True,0.3333333333333333
How can members of the public access e-books without a registered HKPL account?,de170ef9-b843-4b28-9c30-e2ea60e7e69e,de170ef9-b843-4b28-9c30-e2ea60e7e69e,76a75c34-0ec9-48bb-8ab0-675b41db78b0,979f1983-f7fb-4dba-a22f-7d1cb0c9102e,HKPL FAQ CSV,Hong Kong Public Libraries - Ask a Librarian FAQs,Hong Kong Public Libraries - e-Databases,0.9994617104530334,0.9987138509750366,0.9983556866645813,True,True,True,1.0
How many e-book items can be checked out at a time and how long can they be kept?,de170ef9-b843-4b28-9c30-e2ea60e7e69e,76a75c34-0ec9-48bb-8ab0-675b41db78b0,de170ef9-b843-4b28-9c30-e2ea60e7e69e,76a75c34-0ec9-48bb-8ab0-675b41db78b0,Hong Kong Public Libraries - Ask a Librarian FAQs,HKPL FAQ CSV,Hong Kong Public Libraries - Ask a Librarian FAQs,0.9967114925384521,0.9950969815254211,0.9836875796318054,False,True,True,0.5
Which e-databases provided by HKPL allow readers to access e-magazines via the Internet?,de170ef9-b843-4b28-9c30-e2ea60e7e69e,979f1983-f7fb-4dba-a22f-7d1cb0c9102e,de170ef9-b843-4b28-9c30-e2ea60e7e69e,979f1983-f7fb-4dba-a22f-7d1cb0c9102e,Hong Kong Public Libraries - e-Databases,HKPL FAQ CSV,Hong Kong Public Libraries - e-Databases,0.9998816251754761,0.9994234442710876,0.9960635304450989,False,True,True,0.5
What round-the-clock services are provided by the Self-service Library Stations launched by the Hong Kong Public Libraries?,de4d942e-cc1d-4865-b5a0-afb73ee7eec7,de4d942e-cc1d-4865-b5a0-afb73ee7eec7,541f0dc3-0208-4c7b-b452-167f12e4932c,541f0dc3-0208-4c7b-b452-167f12e4932c,Hong Kong Public Libraries - Introduction,Hong Kong Public Libraries - Station Catalogue,Hong Kong Public Libraries - Station Catalogue,0.9997648596763611,0.999349057674408,0.9986051917076111,True,True,True,1.0
"What is the date, time, and venue for the Storytelling for Children session?",e680a689-c355-47bf-ac4c-40778ae3cb7b,e680a689-c355-47bf-ac4c-40778ae3cb7b,e680a689-c355-47bf-ac4c-40778ae3cb7b,e680a689-c355-47bf-ac4c-40778ae3cb7b,Hong Kong Public Libraries - Programme Calendar,Hong Kong Public Libraries - Programme Calendar,Hong Kong Public Libraries - Programme Calendar,0.9999114274978638,0.9998989105224609,0.9998738765716553,True,True,True,1.0
"What is the date, time, and venue for the Storytelling for Children session in June 2026?",e680a689-c355-47bf-ac4c-40778ae3cb7b,e680a689-c355-47bf-ac4c-40778ae3cb7b,e680a689-c355-47bf-ac4c-40778ae3cb7b,e680a689-c355-47bf-ac4c-40778ae3cb7b,Hong Kong Public Libraries - Programme Calendar,Hong Kong Public Libraries - Programme Calendar,Hong Kong Public Libraries - Programme Calendar,0.9999699592590332,0.999966025352478,0.9999583959579468,True,True,True,1.0
"What is the date, time, and venue for the 'Smart・Stylish・Fresh Experience Series - Introduction to Self-services / e-Reading / Digital Collections (Adult)' session?",e680a689-c355-47bf-ac4c-40778ae3cb7b,e680a689-c355-47bf-ac4c-40778ae3cb7b,e680a689-c355-47bf-ac4c-40778ae3cb7b,e680a689-c355-47bf-ac4c-40778ae3cb7b,Hong Kong Public Libraries - Programme Calendar,Hong Kong Public Libraries - Programme Calendar,Hong Kong Public Libraries - Programme Calendar,0.9999781847000122,0.99994957447052,0.9999303817749023,True,True,True,1.0
"What is the date, time, and venue for the 'Smart・Stylish・Fresh Experience Series - Introduction to Self-services / e-Reading / Digital Collections (Junior/Youth)' session?",e680a689-c355-47bf-ac4c-40778ae3cb7b,e680a689-c355-47bf-ac4c-40778ae3cb7b,e680a689-c355-47bf-ac4c-40778ae3cb7b,e680a689-c355-47bf-ac4c-40778ae3cb7b,Hong Kong Public Libraries - Programme Calendar,Hong Kong Public Libraries - Programme Calendar,Hong Kong Public Libraries - Programme Calendar,0.9999823570251465,0.9999803304672241,0.9999308586120605,True,True,True,1.0
"What is the date, time, and venue for the 'Smart・Stylish・Fresh Experience Series - Introduction to Self-services / e-Reading / Digital Collections (Junior/Youth)' event?",e680a689-c355-47bf-ac4c-40778ae3cb7b,e680a689-c355-47bf-ac4c-40778ae3cb7b,e680a689-c355-47bf-ac4c-40778ae3cb7b,e680a689-c355-47bf-ac4c-40778ae3cb7b,Hong Kong Public Libraries - Programme Calendar,Hong Kong Public Libraries - Programme Calendar,Hong Kong Public Libraries - Programme Calendar,0.999980092048645,0.999977707862854,0.9999154806137085,True,True,True,1.0
Where is the Roving Exhibition on Mosquito Control and Prevention of Dengue Fever being held?,e680a689-c355-47bf-ac4c-40778ae3cb7b,e680a689-c355-47bf-ac4c-40778ae3cb7b,e680a689-c355-47bf-ac4c-40778ae3cb7b,d22fadb8-5a7a-4244-84d1-ddc497f89c60,Hong Kong Public Libraries - Programme Calendar,Hong Kong Public Libraries - Programme Calendar,Hong Kong Public Libraries - Exhibitions,0.9999089241027832,0.9994951486587524,0.8425471186637878,True,True,True,1.0
What are the arrangements for static libraries if a Tropical Cyclone Warning Signal No.8 or above is issued before library opening hours?,ee041c98-0489-4bab-9876-283fd370654f,ee041c98-0489-4bab-9876-283fd370654f,ee041c98-0489-4bab-9876-283fd370654f,ee041c98-0489-4bab-9876-283fd370654f,Hong Kong Public Libraries - Arrangements for Opening of Public Libraries during Inclement Weather Conditions,Hong Kong Public Libraries - Arrangements for Opening of Public Libraries during Inclement Weather Conditions,Hong Kong Public Libraries - Arrangements for Opening of Public Libraries during Inclement Weather Conditions,0.7951960800646571,0.7438757266924219,0.6932007280945998,True,True,True,1.0
What are the opening arrangements for static libraries if a Black Rainstorm Warning Signal is cancelled less than 3 hours before the normal closing time?,ee041c98-0489-4bab-9876-283fd370654f,ee041c98-0489-4bab-9876-283fd370654f,ee041c98-0489-4bab-9876-283fd370654f,ee041c98-0489-4bab-9876-283fd370654f,Hong Kong Public Libraries - Arrangements for Opening of Public Libraries during Inclement Weather Conditions,Hong Kong Public Libraries - Arrangements for Opening of Public Libraries during Inclement Weather Conditions,Hong Kong Public Libraries - Arrangements for Opening of Public Libraries during Inclement Weather Conditions,0.7490445225861384,0.717011711508385,0.7078686182420623,True,True,True,1.0
What are the conditions under which a library will resume service after a Tropical Cyclone Warning Signal is cancelled or lowered to Signal No.3 or below during library opening hours?,ee041c98-0489-4bab-9876-283fd370654f,ee041c98-0489-4bab-9876-283fd370654f,ee041c98-0489-4bab-9876-283fd370654f,ee041c98-0489-4bab-9876-283fd370654f,Hong Kong Public Libraries - Arrangements for Opening of Public Libraries during Inclement Weather Conditions,Hong Kong Public Libraries - Arrangements for Opening of Public Libraries during Inclement Weather Conditions,Hong Kong Public Libraries - Arrangements for Opening of Public Libraries during Inclement Weather Conditions,0.8167964463471311,0.8020800830173542,0.7533949838100372,True,True,True,1.0
Under what specific timing condition regarding the cancellation of the 'Extreme Conditions' warning will a Hong Kong Public Library remain closed?,ee041c98-0489-4bab-9876-283fd370654f,ee041c98-0489-4bab-9876-283fd370654f,ee041c98-0489-4bab-9876-283fd370654f,ee041c98-0489-4bab-9876-283fd370654f,Hong Kong Public Libraries - Arrangements for Opening of Public Libraries during Inclement Weather Conditions,Hong Kong Public Libraries - Arrangements for Opening of Public Libraries during Inclement Weather Conditions,Hong Kong Public Libraries - Arrangements for Opening of Public Libraries during Inclement Weather Conditions,0.7761556408266236,0.7666763345389022,0.7626662991841975,True,True,True,1.0
Under what specific conditions will mobile library service remain suspended on a day if a Tropical Cyclone Warning Signal No.8 is cancelled or lowered to Signal No.3 or below?,ee041c98-0489-4bab-9876-283fd370654f,ee041c98-0489-4bab-9876-283fd370654f,8c687299-209f-483c-b43a-b368b07545fb,6ffe34b8-5a77-46bc-a68e-c4f08695c434,Hong Kong Public Libraries - Arrangements for Opening of Public Libraries during Inclement Weather Conditions,Hong Kong Public Libraries - Temporary Suspension of Mobile Library Services – Mobile Library 2,Hong Kong Public Libraries - Temporary Suspension of Mobile Library Services – Mobile Library 2,0.8184608708894786,0.7223388387166775,0.7160901258045522,True,True,True,1.0
What is the purpose of National Security Education Day celebrated on 15 April in Hong Kong?,efb21b80-5e5e-40bf-911a-24dc9b52a4e0,efb21b80-5e5e-40bf-911a-24dc9b52a4e0,efb21b80-5e5e-40bf-911a-24dc9b52a4e0,efb21b80-5e5e-40bf-911a-24dc9b52a4e0,Hong Kong Public Libraries - National Security Education Resources,Hong Kong Public Libraries - National Security Education Resources,Hong Kong Public Libraries - National Security Education Resources,0.9998939037322998,0.9870952367782593,0.9567583203315735,True,True,True,1.0
Where can the hardcopies of 'A Catalogue of Books Printed in Hong Kong' be accessed for public reference?,fb314c49-7d68-46b1-a3a2-ffcea9a0da3d,fb314c49-7d68-46b1-a3a2-ffcea9a0da3d,979f1983-f7fb-4dba-a22f-7d1cb0c9102e,4629c91b-0358-4b4e-bece-09fe4159a1b6,Hong Kong Public Libraries - Introduction to Books Registration,Hong Kong Public Libraries - e-Databases,Hong Kong Public Libraries - Enjoy Reading Local Publications,0.99965500831604,0.9960546493530273,0.8925453424453735,True,True,True,1.0
Where can the hardcopies of 'the Catalogue' be accessed for public reference?,fb314c49-7d68-46b1-a3a2-ffcea9a0da3d,fb314c49-7d68-46b1-a3a2-ffcea9a0da3d,1cad770b-dfea-4de2-abc0-23e1fed42052,de170ef9-b843-4b28-9c30-e2ea60e7e69e,Hong Kong Public Libraries - Introduction to Books Registration,Hong Kong Public Libraries - Library Catalogue,HKPL FAQ CSV,0.9994887113571167,0.7379353642463684,0.0911390632390976,True,True,True,1.0
What are the specific character requirements for a strong online password at the Hong Kong Public Libraries effective from 7 June 2022?,fe7b4c9a-e957-4add-8fc3-670fe768dcd2,d94189a2-fdc8-40cb-8484-a1621cfcc6de,fe7b4c9a-e957-4add-8fc3-670fe768dcd2,fe7b4c9a-e957-4add-8fc3-670fe768dcd2,HKPL FAQ,Hong Kong Public Libraries - Frequently Asked Questions,Hong Kong Public Libraries - Frequently Asked Questions,0.999871015548706,0.9998695850372314,0.9995157718658447,False,True,True,0.5
What is the frequency for changing online passwords under the new strong password guidelines implemented on 7 June 2022?,fe7b4c9a-e957-4add-8fc3-670fe768dcd2,fe7b4c9a-e957-4add-8fc3-670fe768dcd2,d94189a2-fdc8-40cb-8484-a1621cfcc6de,fe7b4c9a-e957-4add-8fc3-670fe768dcd2,Hong Kong Public Libraries - Frequently Asked Questions,HKPL FAQ,Hong Kong Public Libraries - Frequently Asked Questions,0.9991515874862671,0.999103844165802,0.9985994696617126,True,True,True,1.0
What steps must a reader take if they have forgotten their email address or have not registered any email address to reset their password?,fe7b4c9a-e957-4add-8fc3-670fe768dcd2,d94189a2-fdc8-40cb-8484-a1621cfcc6de,fe7b4c9a-e957-4add-8fc3-670fe768dcd2,fe7b4c9a-e957-4add-8fc3-670fe768dcd2,HKPL FAQ,Hong Kong Public Libraries - Frequently Asked Questions,Hong Kong Public Libraries - Frequently Asked Questions,0.9997097849845886,0.9993258118629456,0.9946797490119934,False,True,True,0.5
"What is the default password readers must use to log into their HKPL online account after staff reset it, and what is the subsequent requirement before they can access their account?",fe7b4c9a-e957-4add-8fc3-670fe768dcd2,d94189a2-fdc8-40cb-8484-a1621cfcc6de,fe7b4c9a-e957-4add-8fc3-670fe768dcd2,d94189a2-fdc8-40cb-8484-a1621cfcc6de,HKPL FAQ,Hong Kong Public Libraries - Frequently Asked Questions,HKPL FAQ,0.9993347525596619,0.9993088245391846,0.9993056058883667,False,True,True,0.5
"If a reader bound their library account to 'iAM Smart' before 7 June 2022, do they need to change their password to log in after the new password measure was implemented?",fe7b4c9a-e957-4add-8fc3-670fe768dcd2,d94189a2-fdc8-40cb-8484-a1621cfcc6de,fe7b4c9a-e957-4add-8fc3-670fe768dcd2,fe7b4c9a-e957-4add-8fc3-670fe768dcd2,HKPL FAQ,Hong Kong Public Libraries - Frequently Asked Questions,Hong Kong Public Libraries - Frequently Asked Questions,0.9998599290847778,0.9998472929000854,0.9997779130935669,False,True,True,0.5
"If a reader only uses the ""My Library"" mobile app and updates it on 7 June 2022, do they need to change the password saved in the app?",fe7b4c9a-e957-4add-8fc3-670fe768dcd2,d94189a2-fdc8-40cb-8484-a1621cfcc6de,d94189a2-fdc8-40cb-8484-a1621cfcc6de,fe7b4c9a-e957-4add-8fc3-670fe768dcd2,HKPL FAQ,HKPL FAQ,Hong Kong Public Libraries - Frequently Asked Questions,0.9998793601989746,0.9998769760131836,0.9998095035552979,False,True,True,0.3333333333333333
"Does the new measure on enhancement of 'online passwords' apply to the telephone renewal service, self-checkout machines, or self-service library stations?",fe7b4c9a-e957-4add-8fc3-670fe768dcd2,fe7b4c9a-e957-4add-8fc3-670fe768dcd2,d94189a2-fdc8-40cb-8484-a1621cfcc6de,d94189a2-fdc8-40cb-8484-a1621cfcc6de,Hong Kong Public Libraries - Frequently Asked Questions,HKPL FAQ,HKPL FAQ,0.9994736909866333,0.9993444085121155,0.9975321292877197,True,True,True,1.0
